3  Stimmabgabe nach Geschlecht und Altersgruppen in den Ländern 2013;;;;;;;;;;;;;;
3.2  Gültige Zweitstimmen;;;;;;;;;;;;;;
;;;;;;;;;;;;;;
Partei;Insgesamt;;Davon Wähler im Alter von ... bis unter ... Jahren;;;;;;;;;;;
;;;18 - 25;;25 - 35;;35 - 45;;45 - 60;;60 - 70;;70 und mehr;
;1000;%;1000;%;1000;%;1000;%;1000;%;1000;%;1000;%
;;;;;;;;;;;;;;
;Schleswig-Holstein;;;;;;;;;;;;;
;Insgesamt;;;;;;;;;;;;;
CDU;638,756;39,22863863;32,64202905;28,67121534;61,10840255;35,43631032;86,6970216;39,07164945;166,4226037;34,63293581;104,8808011;39,33290921;187,005142;50,14609463
SPD;513,725;31,5499696;33,34132988;29,28544813;44,83664141;26,00043647;60,17058173;27,11700856;157,6565508;32,80869955;94,92998019;35,60110386;122,789916;32,92655315
FDP;91,714;5,632534745;6,09784669;5,356060289;8,359502379;4,847613553;10,87382956;4,90049657;22,74762326;4,733833978;17,54177469;6,578601842;26,09342342;6,997044392
DIE LINKE;84,177;5,169656511;7,540300465;6,6230435;11,87286414;6,884986032;11,79113618;5,313898112;30,70505421;6,3897941;13,78576786;5,170005853;8,481877155;2,274445558
GRÜNE;153,137;9,404774334;16,69331174;14,66261594;19,16507425;11,1136847;25,88321489;11,66475941;59,90162401;12,46566904;18,80554352;7,052546587;12,6882316;3,402394478
Sonstige;146,781;9,014426177;17,53466035;15,4016168;27,10324114;15,71696892;26,47661837;11,93218789;43,09930808;8,969067522;16,70511233;6,264832646;15,86205973;4,253467792
dar. PIRATEN;32,217;1,978578754;8,0958876;7,111044978;9,550385764;5,538198013;6,147740286;2,770595217;6,900172266;1,4359421;1,072738068;0,402303459;0,450076017;0,120689486
dar. NPD;11,229;0,689619171;1,644316637;1,444290008;2,856252348;1,656319595;2,948899197;1,328977092;2,554935644;0,531688125;0,609301124;0,228503077;0,61529505;0,164993558
dar. AfD;74,346;4,565894282;4,882928562;4,288933634;9,895944392;5,738584904;12,01270642;5,413752925;25,64083171;5,335917471;10,99698219;4,124141859;10,91660673;2,927326961
Zusammen;1628,29;100;113,8494782;100;172,4457259;100;221,8924023;100;480,5327641;100;266,6489797;100;372,9206498;100
;Männer;;;;;;;;;;;;;
CDU;290,6045287;37,05358788;15,90466937;27,3060333;28,45145719;33,38510479;41,28891368;38,46292746;80,68296648;33,98411687;45,7687312;35,74942505;78,50779082;46,72353489
SPD;252,7412597;32,22582427;17,43152951;29,92743291;22,58135339;26,49709097;28,69947597;26,73516361;79,54790557;33,50602286;47,25295195;36,90873267;57,22804328;34,05899528
FDP;50,60056529;6,45183508;3,876353142;6,655141679;4,916319252;5,76883751;6,45014709;6,008672003;12,56615209;5,292933564;9,4640373;7,392249759;13,32755641;7,931831232
DIE LINKE;45,10732231;5,751418048;3,865272071;6,636117072;6,271213188;7,358677909;6,145503944;5,72487991;16,12591865;6,792327155;7,868341298;6,14587012;4,831073156;2,875190001
GRÜNE;61,96048586;7,900283997;6,217296088;10,67420454;7,592315489;8,908867007;10,20403566;9,505628712;24,19444041;10,19083366;8,311215661;6,491794148;5,441182555;3,238293681
Sonstige;83,26759157;10,61705072;10,9508696;18,80107049;15,40935101;18,08142181;14,55922248;13,56272831;24,29636743;10,23376589;9,361204501;7,311928252;8,690576542;5,172154917
dar. PIRATEN;20,3139496;2,59013416;5,718555195;9,817938054;6,196635046;7,271167484;3,460465076;3,22361635;4,086127695;1,721099845;0,687535309;0,537025855;0,164631283;0,097979518
dar. NPD;7,594523942;0,968341276;1,128696247;1,937809369;1,974066181;2,3163807;1,935404108;1,802936943;1,74003113;0,732910847;0,409324675;0,319718756;0,407001602;0,24222505
dar. AfD;44,6656628;5,695104165;3,309792608;5,682438603;5,737682235;6,732629596;7,0567021;6,573711847;15,35608324;6,468068171;6,627796938;5,17689531;6,577605685;3,914630453
Zusammen;784,2817534;100;58,24598977;100;85,22200952;100;107,3472988;100;237,4137506;100;128,0264819;100;168,0262228;100
;Frauen;;;;;;;;;;;;;
CDU;348,1514713;41,24977128;16,73735968;30,10127631;32,65694536;37,4404425;45,40810792;39,64212047;85,73963726;35,26652895;59,1120699;42,64247929;108,4973511;52,9528073
SPD;260,9837403;30,92194198;15,90980037;28,61295366;22,25528802;25,51517976;31,47110576;27,47485907;78,10864524;32,12774029;47,67702824;34,39342748;65,5618727;31,9978799
FDP;41,11343471;4,871212441;2,221493548;3,995241327;3,443183127;3,947530868;4,423682475;3,861956853;10,18147117;4,187854756;8,077737388;5,827147482;12,765867;6,230460821
DIE LINKE;39,06967769;4,629063501;3,675028394;6,60934862;5,60165095;6,422164962;5,645632234;4,928741658;14,57913556;5,99670727;5,917426557;4,268734623;3,650804;1,781797608
GRÜNE;91,17651414;10,80279897;10,47601565;18,84057269;11,57275876;13,26790378;15,67917923;13,68821429;35,7071836;14,68712097;10,49432785;7,570436274;7,247049041;3,536967376
Sonstige;63,51340843;7,525211831;6,583790758;11,84060739;11,69389013;13,40677813;11,91739589;10,40410766;18,80294064;7,734047772;7,343907828;5,297774854;7,171483187;3,500086991
dar. PIRATEN;11,9030504;1,410300248;2,377332405;4,275509457;3,353750718;3,844998652;2,68727521;2,346041103;2,814044571;1,157476139;0,385202758;0,277878962;0,285444734;0,139313078
dar. NPD;3,634476058;0,430620918;0,51562039;0,927316622;0,882186167;1,011406306;1,013495089;0,884800012;0,814904513;0,335187488;0,199976449;0,144259736;0,208293448;0,101658913
dar. AfD;29,6803372;3,51659327;1,573135954;2,829203706;4,158262156;4,767352654;4,956004321;4,326683699;10,28474847;4,230334899;4,369185251;3,151858696;4,33900104;2,117676455
Zusammen;844,0082466;100;55,6034884;100;87,22371635;100;114,5451035;100;243,1190135;100;138,6224978;100;204,8944271;100
;Mecklenburg-Vorpommern;;;;;;;;;;;;;
;Insgesamt;;;;;;;;;;;;;
CDU;369,048;42,52964299;14,07492981;35,16235813;41,69471335;40,34913809;47,70228792;44,58563098;121,3997063;42,65791615;59,66991497;40,95329792;84,50644766;45,16688918
SPD;154,431;17,79685921;7,311176756;18,26497317;16,08654504;15,56739872;14,98518854;14,00612247;45,86844852;16,11743958;28,51144349;19,5682806;41,66819765;22,2707606
FDP;18,968;2,185900664;1,194338037;2,983726551;3,185780101;3,082968341;2,747076851;2,567594975;6,787923143;2,385167684;2,888608165;1,982540629;2,164273703;1,156758013
DIE LINKE;186,871;21,53529328;5,338908541;13,33780109;14,94765893;14,46526684;17,15382442;16,03306924;63,22145817;22,21500977;38,3428349;26,31586691;47,86631504;25,58352181
GRÜNE;37,716;4,3464482;2,978974275;7,442151522;6,716657794;6,499897255;7,429422764;6,944017072;12,80357379;4,498971158;3,906596592;2,681217397;3,880774782;2,074191134
Sonstige;100,709;11,60585565;9,130073858;22,80898953;20,70347503;20,03533076;16,97247165;15,86356527;34,50781814;12,12549567;12,38294576;8,498796542;7,012215552;3,747879262
dar. PIRATEN;16,563;1,90874487;3,695139628;9,231294556;5,426845993;5,251710367;2,967436204;2,77355702;3,23991981;1,138456029;0,748895569;0,513990063;0,484762796;0,259095348
dar. NPD;23,735;2,735256868;2,109835678;5,270846726;5,86572891;5,676429618;4,56198885;4,263928634;7,793802109;2,738617473;2,351491877;1,613901201;1,052152576;0,562353053
dar. AfD;48,885;5,63358045;2,770396649;6,921077436;7,663441782;7,416126551;7,695199168;7,192428819;18,78801283;6,601807372;7,557324406;5,186824182;4,410625163;2,357384832
Zusammen;867,743;100;40,02840128;100;103,3348302;100;106,9902722;100;284,588928;100;145,7023439;100;187,0982244;100
;Männer;;;;;;;;;;;;;
CDU;159,0163008;38,07338177;6,932397066;33,04598506;18,80172531;36,04896212;22,64967443;41,55030822;55,13473371;39,75779569;25,07011285;35,39792006;30,42765738;37,79287281
SPD;79,8082602;19,10854639;4,049075128;19,30150205;8,706580123;16,69331787;8,223824788;15,08641794;23,72042115;17,10485558;14,81779341;20,92208638;20,29056559;25,202031
FDP;10,41726119;2,49421198;0,791455558;3,77278282;1,725424066;3,308193571;1,420059479;2,605066542;3,774867308;2,722066346;1,740212994;2,45710583;0,965241788;1,198884938
DIE LINKE;90,88124582;21,75975891;2,622639279;12,50183704;7,052976331;13,52282689;8,371504062;15,35733218;30,13369789;21,72948563;19,53598798;27,58397399;23,16444028;28,77154604
GRÜNE;15,95693681;3,820580308;1,148340994;5,474016992;2,931185724;5,620026961;3,027583832;5,554033096;5,466977457;3,942251247;1,718209265;2,426037512;1,664639542;2,067576537
Sonstige;61,57740665;14,74352064;5,434123206;25,90387604;12,93818785;24,80667258;10,81880086;19,84684202;20,44583815;14,74354551;7,941372601;11,21287623;3,999083991;4,967088682
dar. PIRATEN;10,11640586;2,422177983;2,370219485;11,29857926;3,201703728;6,138697088;2,023462735;3,711995974;1,798626461;1,296994082;0,458596006;0,647517818;0,26379745;0,327651365
dar. NPD;16,50221044;3,951135545;1,337056595;6,373603799;3,687912235;7,070915371;3,174954388;5,824381001;5,524373596;3,983639748;2,015350693;2,845588416;0,762562932;0,947146326
dar. AfD;29,15954296;6,981689337;1,410616617;6,724256445;5,079312226;9,738677225;4,615728521;8,467448101;10,89149192;7,853882322;4,688102902;6,619399471;2,474290775;3,073209198
Zusammen;417,6574114;100;20,97803123;100;52,1560794;100;54,51144745;100;138,6765357;100;70,8236891;100;80,51162858;100
;Frauen;;;;;;;;;;;;;
CDU;210,0316992;46,66483544;7,142532748;37,49288192;22,89298804;44,73143182;25,05261349;47,7385186;66,26497257;45,41421842;34,59980211;46,20783081;54,07879028;50,7369523
SPD;74,6227398;16,57967767;3,262101628;17,12356043;7,379964919;14,4199786;6,761363757;12,88398472;22,14802736;15,17898994;13,69365008;18,28778858;21,37763206;20,05658581
FDP;8,550738807;1,899802843;0,402882478;2,114827572;1,460356036;2,853442125;1,327017372;2,52867205;3,013055835;2,064975967;1,14839517;1,533674949;1,199031915;1,12493687
DIE LINKE;95,98975418;21,32700016;2,716269262;14,25835433;7,894682601;15,42570397;8,782320355;16,73497912;33,08776028;22,67645656;18,80684692;25,11643269;24,70187476;23,17540454
GRÜNE;21,75906319;4,834427882;1,830633281;9,609436857;3,78547207;7,39656988;4,401838932;8,38783825;7,336596336;5,028083096;2,188387327;2,922578315;2,216135239;2,079187559
Sonstige;39,13159335;8,694256014;3,695950653;19,40093889;7,76528718;15,17287361;6,153670799;11,72600727;14,06198;9,637276016;4,441573162;5,931694653;3,013131561;2,826932916
dar. PIRATEN;6,446594136;1,432304055;1,324920143;6,954826282;2,225142266;4,347785416;0,943973469;1,798770217;1,441293349;0,987779945;0,290299563;0,387693347;0,220965346;0,207310633
dar. NPD;7,232789559;1,606980926;0,772779083;4,056504314;2,177816675;4,255314244;1,387034461;2,643036442;2,269428513;1,555336374;0,336141184;0,44891456;0,289589644;0,271694243
dar. AfD;19,72545704;4,382601341;1,359780032;7,137814272;2,584129556;5,049223581;3,079470647;5,868025178;7,896520913;5,411823344;2,869221504;3,831828326;1,936334388;1,816677203
Zusammen;450,0855886;100;19,05037005;100;51,17875085;100;52,47882471;100;145,9123924;100;74,87865478;100;106,5865958;100
;Hamburg;;;;;;;;;;;;;
;Insgesamt;;;;;;;;;;;;;
CDU;285,927;32,09673237;17,28112525;28,0300883;43,72180532;28,62956461;40,2214687;28,9068786;65,72915948;27,10456025;37,76411373;32,55822454;81,20932752;45,41193475
SPD;288,902;32,43069096;16,57011436;26,87682439;40,80557012;26,71997868;42,02031942;30,1996996;78,84315261;32,51234303;44,30584518;38,19815993;66,35699831;37,10657101
FDP;42,869;4,812259143;2,954576025;4,792339946;7,770611576;5,088290031;7,166042936;5,150183221;10,95174068;4,51614044;5,433065501;4,684102156;8,592963279;4,805151079
DIE LINKE;78,296;8,789116654;6,021103024;9,766265041;14,59659044;9,558023185;12,77683941;9,182622063;27,76129454;11,44785186;10,28970244;8,871238048;6,85047015;3,830755813
GRÜNE;112,826;12,66528144;8,701813326;14,11439315;26,00344905;17,02737157;22,77782801;16,37026022;37,07102389;15,28688041;11,72466547;10,10838739;6,547220242;3,661179664
Sonstige;82,009;9,20591943;10,12332229;16,42008917;19,81755236;12,97677192;14,17901608;10,19035629;22,14584567;9,13222401;6,472082716;5,579887928;9,271180886;5,184407683
dar. PIRATEN;23,04968199;2,587441809;5,474637843;8,879895256;8,656779278;5,668563313;4,232656277;3,041979448;3,652841938;1,506312802;0,559772935;0,482606663;0,472993721;0,264496218
dar. NPD;4,49924011;0,505062151;0,300674589;0,487695977;1,623154831;1,062861329;0,718716571;0,516536401;1,300859596;0,536432043;0,455324424;0,392556673;0,100510099;0,05620485
dar. AfD;41,74576549;4,686170465;2,55905139;4,150796627;6,617098273;4,332955631;7,341012893;5,275932863;14,85015125;6,123717729;4,330515413;3,733541696;6,047936272;3,381982043
Zusammen;890,829;100;61,65205428;100;152,7155789;100;139,1415146;100;242,5022169;100;115,989475;100;178,8281604;100
;Männer;;;;;;;;;;;;;
CDU;123,175698;29,96206428;7,121309931;25,23812069;19,21836813;27,00396571;18,63791694;27,56289588;29,4428661;25,10121339;16,78697119;29,94863082;31,96826567;45,18379441
SPD;131,560535;32,001647;7,220137411;25,58836803;19,8199911;27,84931356;19,27934714;28,51148224;38,7583867;33,04306489;21,04090188;37,53781403;25,44177072;35,95927754
FDP;24,5793023;5,978830626;1,630627434;5,778989032;4,573732142;6,426607352;4,41236819;6,525280985;6,634038911;5,655781803;3,557874222;6,347390508;3,770661398;5,329434858
DIE LINKE;40,25598641;9,792130042;2,96935598;10,52348027;7,289039086;10,24191857;7,115184401;10,52237154;14,15709828;12,06948887;5,796729737;10,34159867;2,928578927;4,139239505
GRÜNE;45,80051958;11,14081864;3,164318901;11,2144343;8,787205212;12,34701025;9,515765944;14,07249892;16,4990032;14,06605589;5,179934067;9,241210418;2,654292253;3,751564026
Sonstige;45,73347147;11,12450942;6,110732935;21,65660767;11,48035243;16,13118457;8,659006489;12,80547043;11,80519182;10,06439516;3,690138648;6,583355555;3,988049146;5,636689665
dar. PIRATEN;15,06280135;3,663974547;3,469609481;12,29639261;5,948861711;8,358818843;2,802065302;4,143866206;2,438300987;2,078748488;0,16055346;0,286433821;0,243410404;0,344035106
dar. NPD;2,343630353;0,570080011;0,100131764;0,354869759;0,992255065;1,39422981;0,309055225;0,457049842;0,712252161;0,607223272;0,129426039;0,230901251;0,100510099;0,142060495
dar. AfD;22,47618519;5,467254632;1,449766068;5,138011313;3,267238191;4,590836613;4,556251568;6,738064559;7,758586472;6,614503288;2,750077389;4,906248514;2,694265497;3,80806202
Zusammen;411,1055127;100;28,21648259;100;71,1686881;100;67,6195891;100;117,296585;100;56,05254975;100;70,75161811;100
;Frauen;;;;;;;;;;;;;
CDU;162,751302;33,92606498;10,15981532;30,38624677;24,50343719;30,04827892;21,58355176;30,17753175;36,28629337;28,98135877;20,97714254;34,99869644;49,24106185;45,56128538
SPD;157,341465;32,79836598;9,349976952;27,96416056;20,98557902;25,73437052;22,74097228;31,79580546;40,08476591;32,01514606;23,26494329;38,81571032;40,9152276;37,85763935
FDP;18,2896977;3,812549976;1,323948591;3,959700773;3,196879434;3,920295923;2,753674746;3,850112715;4,317701773;3,448488466;1,875191279;3,128607731;4,822301881;4,461932052
DIE LINKE;38,04001359;7,929570804;3,051747044;9,127246494;7,30755135;8,961164897;5,661655013;7,915971189;13,60419626;10,86548269;4,492972703;7,49616815;3,921891223;3,628808935
GRÜNE;67,02548042;13,9716904;5,537494425;16,56168609;17,21624384;21,11207881;13,26206207;18,54265246;20,57202069;16,43058733;6,544731407;10,91936461;3,892927989;3,602010119
Sonstige;36,27552853;7,561757864;4,012589352;12,00095931;8,337199931;10,22381093;5,520009587;7,717926428;10,34065385;8,258936679;2,781944068;4,641452751;5,28313174;4,888324172
dar. PIRATEN;7,986880646;1,664892559;2,005028362;5,996692328;2,707917566;3,320687694;1,430590975;2,000213174;1,214540951;0,970036997;0,399219475;0,66606599;0,229583317;0,212426593
dar. NPD;2,155609757;0,449344219;0,200542825;0,599788832;0,630899766;0,773665016;0,409661346;0,572777289;0,588607435;0,470112587;0,325898385;0,543735575;0;0
dar. AfD;19,2695803;4,016809853;1,109285322;3,317680141;3,349860083;4,107894306;2,784761325;3,893577119;7,091564776;5,663934338;1,580438024;2,636835334;3,353670775;3,103051508
Zusammen;479,7234873;100;33,43557169;100;81,54689077;100;71,52192545;100;125,2056319;100;59,93692529;100;108,0765423;100
;Niedersachsen;;;;;;;;;;;;;
;Insgesamt;;;;;;;;;;;;;
CDU;1825,592;41,06828397;100,5688558;30,85930159;182,6397673;37,26274219;256,7893569;40,80994382;494,7223673;36,98128173;288,5178747;42,16555434;502,3537781;51,36657057
SPD;1470,005;33,06904433;102,5093246;31,45472959;139,556942;28,47284809;180,0548169;28,61499811;458,1751779;34,24932135;246,2902639;35,99418413;343,4184747;35,11515208
FDP;185,647;4,176291151;13,43782224;4,123362108;20,56867649;4,196486343;26,87823227;4,271591168;48,38506263;3,616860185;30,47250958;4,453416482;45,90469679;4,693837192
DIE LINKE;223,935;5,037613098;18,69046112;5,735121198;30,40485153;6,203293844;33,97105106;5,398808977;81,9375339;6,124960636;37,42518617;5,469518042;21,50591621;2,199018324
GRÜNE;391,901;8,816154736;41,44916346;12,71857202;49,1153544;10,02066974;68,21017534;10,84022117;154,2787898;11,53258427;45,71788661;6,681457896;33,12963036;3,387563844
Sonstige;348,18;7,832612716;49,23916173;15,10891349;67,85484495;13,84395979;63,32868904;10,06443676;100,2653214;7,494991823;35,82644298;5,235869111;31,66553995;3,237857986
dar. PIRATEN;74,601;1,678214548;20,28676574;6,224943272;21,79929336;4,447560686;12,63662815;2,008261133;15,44741127;1,154718496;2,8739269;0,420011138;1,556974583;0,159203431
dar. NPD;.;.;.;.;.;.;.;.;.;.;.;.;.;.
dar. AfD;165,875;3,731502769;14,36538068;4,407981094;22,18843895;4,526955398;28,70431252;4,561798805;54,96831421;4,108968684;24,2162798;3,539097405;21,43227384;2,191488259
Zusammen;4445,26;100;325,894789;100;490,1404366;100;629,2323214;100;1337,764253;100;684,250164;100;977,9780361;100
;Männer;;;;;;;;;;;;;
CDU;828,7274497;38,44418367;49,39261662;29,47214085;86,72927983;35,87277457;121,3716838;39,57432096;234,5831084;35,03371976;126,4007869;37,89354625;210,2499742;48,17268446
SPD;735,6560563;34,12665594;54,5686794;32,56065208;68,62277543;28,38360192;89,42075064;29,15643399;239,425526;35,75690867;125,1421969;37,51623502;158,4761279;36,31020898
FDP;106,657047;4,947758287;8,186739768;4,88495577;11,76519567;4,866294438;15,85625479;5,17007342;28,39929883;4,241281837;18,30580919;5,487877444;24,1437488;5,531839882
DIE LINKE;121,2208958;5,623366747;9,732422703;5,807251211;15,54745955;6,430706133;17,08657807;5,571231311;44,65954109;6,669661163;21,87433903;6,557682894;12,32055533;2,822897965
GRÜNE;162,4968904;7,538136094;15,20298387;9,071487046;18,88390549;7,810719586;26,69721258;8,704864484;66,32529795;9,905324888;21,52056446;6,451625223;13,86692606;3,177203973
Sonstige;200,9057185;9,319899256;30,50742549;18,20351304;40,22047177;16,63590335;36,2605494;11,82307583;56,19958039;8,393103679;20,3244157;6,093033163;17,39327572;3,985164737
dar. PIRATEN;46,46305623;2,155394115;12,93367844;7,717412415;14,45978152;5,98082313;8,180295673;2,667258429;8,864210811;1,323821991;1,477895924;0,443056716;0,54719386;0,125373605
dar. NPD;.;.;.;.;.;.;.;.;.;.;.;.;.;.
dar. AfD;102,0223185;4,732755931;9,737457267;5,810255292;14,17760075;5,864108139;17,37411065;5,664983875;33,15023083;4,950807861;14,91522591;4,471418391;12,66769312;2,902434523
Zusammen;2155,664058;100;167,5908678;100;241,7690877;100;306,6930292;100;669,5923526;100;333,5681122;100;436,450608;100
;Frauen;;;;;;;;;;;;;
CDU;996,8645503;43,53888526;51,17623918;32,32784053;95,91048745;38,61576139;135,4176731;41,98486087;260,1392589;38,93298398;162,1170879;46,22908045;292,1038039;53,94072187
SPD;734,3489437;32,07329862;47,94064521;30,28392782;70,93416654;28,55972191;90,63406623;28,10016281;218,7496519;32,73852909;121,148067;34,54641216;184,9423468;34,15198146
FDP;78,98995296;3,449951648;5,251082473;3,317089328;8,803480816;3,544483233;11,02197748;3,417251092;19,9857638;2,991111089;12,1667004;3,46943915;21,76094799;4,018438745
DIE LINKE;102,7141042;4,486123613;8,958038422;5,658759656;14,85739198;5,981926677;16,88447299;5,234857704;37,27799281;5,579102143;15,55084714;4,434457669;9,185360883;1,696194949
GRÜNE;229,4041096;10,01941458;26,24617959;16,57961433;30,23144891;12,17187451;41,51296276;12,8706684;87,95349189;13,16330301;24,19732215;6,900074304;19,2627043;3,557105937
Sonstige;147,2742815;6,432326281;18,73173624;11,83276833;27,63437318;11,12623227;27,06813964;8,392199119;44,06574097;6,594970689;15,50202728;4,420536266;14,27226423;2,635557035
dar. PIRATEN;28,13794377;1,22894801;7,353087299;4,644917982;7,339511844;2,955055757;4,456332473;1,381640185;6,583200454;0,985255509;1,396030976;0,398090227;1,009780723;0,18646899
dar. NPD;.;.;.;.;.;.;.;.;.;.;.;.;.;.
dar. AfD;63,85268146;2,788818773;4,627923415;2,923442062;8,010838199;3,225347141;11,33020187;3,512812901;21,81808338;3,265339858;9,301053886;2,652275427;8,764580715;1,618492483
Zusammen;2289,595942;100;158,3039211;100;248,3713489;100;322,5392922;100;668,1719003;100;350,6820518;100;541,5274281;100
;Bremen;;;;;;;;;;;;;
;Insgesamt;;;;;;;;;;;;;
CDU;96,459;29,28217551;5,234269612;21,13330929;9,834822021;22,93603923;11,00760376;26,17631943;22,55417678;24,49076545;14,80189539;28,72764681;33,02623243;43,40100797
SPD;117,204;35,5797603;7,917009738;31,96484474;13,0424369;30,4165997;14,25472401;33,8980415;32,59095401;35,3893391;20,78238658;40,33463593;28,61648875;37,60599877
FDP;11,204;3,401211856;0,767524725;3,098873118;1,276577549;2,977139056;1,453469497;3,456381848;2,336502176;2,53712327;1,740777285;3,378515635;3,629148769;4,76920021
DIE LINKE;33,284;10,10406421;2,735222566;11,04343275;4,718381674;11,00385823;4,225087121;10,0473484;12,41310384;13,47894084;5,362758689;10,40808852;3,829446112;5,032418445
GRÜNE;40,014;12,14709847;3,81353559;15,39711041;7,121437818;16,60808674;5,797196057;13,7858574;13,75808495;14,93940722;5,565927911;10,80240111;3,957817676;5,201116321
Sonstige;31,247;9,485689653;4,300303224;17,36242969;6,885683055;16,05827704;5,31368237;12,63605141;8,439754249;9,16442412;3,271168416;6,348712001;3,036408686;3,990258286
dar. PIRATEN;8,455;2,566694595;2,165374054;8,742675296;2,507394366;5,847558341;1,599094664;3,80268164;1,570405745;1,705246843;0,366209088;0,710741771;0,246522082;0,323963893
dar. NPD;3,64;1,104999211;0,294267624;1,188102482;1,032819569;2,408664854;0,669740566;1,592657528;0,998857938;1,084623736;0,230111641;0,446602666;0,414202662;0,544319219
dar. AfD;12,307;3,736050903;0,981152286;3,961392183;1,989228782;4,63913117;1,638061571;3,895345787;3,893087734;4,227363272;1,972328562;3,827912359;1,833141065;2,408999274
Zusammen;329,412;100;24,76786545;100;42,87933902;100;42,05176282;100;92,09257601;100;51,52491427;100;76,09554242;100
;Männer;;;;;;;;;;;;;
CDU;42,1735282;27,07048034;2,665906403;21,24920332;4,426876169;21,2596293;5,402966949;25,33906655;10,19104469;22,64829751;6,62073439;26,90558875;12,8659996;40,84985559
SPD;57,04993913;36,61939897;4,067470263;32,42068158;6,675976634;32,06070897;7,49076473;35,13051029;16,61331542;36,92097539;10,06402083;40,89854534;12,13839126;38,53968173
FDP;5,81913323;3,73520401;0,480799359;3,83231884;0,729578827;3,503729223;0,853439784;4,002498568;1,350082515;3,000386259;0,867739344;3,526351694;1,537493402;4,881578219
DIE LINKE;17,10205786;10,97752407;1,258156361;10,02841671;2,307425638;11,08118046;2,230515056;10,46076535;6,231756292;13,84928384;3,012552117;12,24252229;2,061652391;6,545795511
GRÜNE;16,64144934;10,68186718;1,383706381;11,02914123;2,972280076;14,2740773;2,403720819;11,27307318;6,163785075;13,69822648;2,397581888;9,743383209;1,320375096;4,192222419
Sonstige;17,0054692;10,91552543;2,689873485;21,44023831;3,71078532;17,82067474;2,941268219;13,79408607;4,446973;9,882830524;1,644654516;6,683608712;1,571914661;4,990866538
dar. PIRATEN;4,831227974;3,101084198;1,364012853;10,87216956;1,446504679;6,946693806;0,867446177;4,068186352;0,88985682;1,977593331;0,202665984;0,823601626;0,060741461;0,192855588
dar. NPD;2,284207714;1,466194616;0,223703268;1,783076939;0,643655481;3,091090963;0,432469757;2,02821525;0,551180157;1,224927625;0,094043678;0,382178227;0,339155373;1,076826398
dar. AfD;7,229603937;4,640561498;0,691168857;5,509115981;1,028441785;4,938988639;1,092823521;5,125170704;2,277712107;5,061924759;1,164810226;4,733599487;0,974647442;3,094528873
Zusammen;155,791577;100;12,54591225;100;20,82292266;100;21,32267556;100;44,99695699;100;24,60728308;100;31,49582641;100
;Frauen;;;;;;;;;;;;;
CDU;54,2854718;31,26675471;2,568363209;21,01434334;5,407945852;24,5186968;5,604636815;27,03754749;12,36313209;26,25112983;8,181161;30,39331709;20,16023283;45,20260358
SPD;60,15406087;34,64688072;3,849539475;31,49692534;6,36646027;28,86443639;6,763959284;32,63028033;15,9776386;33,92595517;10,71836576;39,81912702;16,47809749;36,94664219
FDP;5,38486677;3,101516904;0,286725366;2,345986447;0,546998723;2,479998173;0,600029713;2,89462679;0,986419661;2,094504078;0,873037941;3,243368387;2,091655367;4,689840102
DIE LINKE;16,18194214;9,320298765;1,477066205;12,08535314;2,410956036;10,93086019;1,994572065;9,622093048;6,181347545;13,12510096;2,350206573;8,731104739;1,767793721;3,963688291
GRÜNE;23,37255066;13,46186713;2,429829209;19,88085839;4,149157741;18,81156791;3,393475238;16,37059652;7,594299873;16,12527881;3,168346023;11,7705232;2,637442581;5,913586042
Sonstige;14,2415308;8,202681775;1,610429739;13,17653334;3,174897735;14,39444053;2,372414151;11,44485582;3,992781249;8,478031146;1,6265139;6,042559571;1,464494026;3,2836398
dar. PIRATEN;3,623772026;2,087180737;0,801361201;6,556735967;1,060889687;4,809891459;0,731648488;3,529574062;0,680548925;1,445036585;0,163543105;0,607568711;0,185780621;0,416551129
dar. NPD;1,355792286;0,780894472;0,070564356;0,577357438;0,389164088;1,764403073;0,237270809;1,144627382;0,447677781;0,950572029;0,136067962;0,505497536;0,075047289;0,168268536
dar. AfD;5,077396063;2,924423276;0,289983429;2,372643917;0,960786997;4,356043076;0,54523805;2,630304187;1,615375628;3,429991284;0,807518336;2,999960621;0,858493623;1,92488585
Zusammen;173,620423;100;12,2219532;100;22,05641636;100;20,72908727;100;47,09561902;100;26,91763119;100;44,59971601;100
;Brandenburg;;;;;;;;;;;;;
;Insgesamt;;;;;;;;;;;;;
CDU;482,601;34,76045873;20,33871541;28,36531736;55,11818701;33,75464952;69,90114359;37,83897948;154,6076432;34,42092908;74,59521852;34,00721115;108,0400923;35,99936045
SPD;321,174;23,13330385;14,00003469;19,52509876;32,01702715;19,60738531;33,20337276;17,97369365;96,72433794;21,53413316;55,67732633;25,38273404;89,55190113;29,83902641
FDP;35,365;2,547246323;1,907799976;2,660706475;4,803394573;2,941622523;5,967849007;3,230523916;11,4368477;2,546231967;5,080325577;2,316069421;6,168783169;2,055461488
DIE LINKE;311,312;22,42297038;11,07528001;15,44610001;27,38818683;16,77266067;33,44546976;18,10474592;104,3386574;23,22934011;58,28124507;26,56983445;76,7831609;25,5844347
GRÜNE;65,182;4,694885052;6,665960869;9,2966587;9,71925;5,952116627;11,69018504;6,328146427;23,12511044;5,148437489;7,031030064;3,205376011;6,950463585;2,315920309
Sonstige;172,728;12,44113567;17,71496897;24,70611869;34,24460564;20,97156536;30,52514268;16,5239106;58,93495144;13,12092819;18,68603321;8,518774923;12,62229806;4,205796644
dar. PIRATEN;30,785;2,217361178;6,625881981;9,240762821;9,144315289;5,600023775;5,181233539;2,804712191;7,70671827;1,715778066;1,343105213;0,612308181;0,783745708;0,261146984
dar. NPD;35,578;2,562588143;4,367259682;6,090783237;9,039065151;5,535568071;7,592428457;4,109943412;10,30102535;2,293359213;2,457669252;1,120426736;1,820552113;0,606614733
dar. AfD;83,075;5,983669965;5,430233156;7,573255425;12,12538441;7,425645206;14,18505367;7,678672013;31,19525285;6,945126151;12,08362927;5,508805258;8,055446644;2,684104772
Zusammen;1388,362;100;71,70275992;100;163,2906512;100;184,7331628;100;449,1675481;100;219,3511788;100;300,1166991;100
;Männer;;;;;;;;;;;;;
CDU;211,2452703;31,43989986;9,067662137;24,96916881;25,1011766;30,54105374;31,5816259;34,21361038;72,20160502;32,71077233;31,66154937;29,66562012;41,63165132;31,15313357
SPD;157,5767206;23,45234196;7,407659642;20,39810276;16,02178032;19,49398873;17,30120097;18,7430676;47,86395977;21,68465771;27,32029905;25,59804019;41,66182086;31,17570957
FDP;19,36340581;2,881880094;1,161862573;3,199362998;2,518801175;3,064670762;3,109728768;3,368890784;6,833701165;3,095992713;2,863634019;2,683111871;2,875678108;2,151881595
DIE LINKE;152,0811277;22,63442594;5,166800744;14,22756142;13,22250703;16,08806249;16,41893929;17,78727902;49,39281521;22,37730218;30,59470594;28,66603001;37,28535951;27,90078578
GRÜNE;27,83759822;4,143104833;2,410641978;6,638064537;4,259097878;5,18212111;4,607084378;4,991034673;10,49955754;4,756800575;3,112144759;2,91595661;2,949071694;2,206802312
Sonstige;103,7977322;15,44834732;11,1008074;30,56773948;21,06494922;25,63010317;19,2886211;20,89611755;33,93566266;15,3744745;11,17575561;10,47124121;7,231936171;5,411687175
dar. PIRATEN;18,58928464;2,766666665;4,348010633;11,97289994;5,957683113;7,248820363;3,225161104;3,493943149;4,165248504;1,887056326;0,577070356;0,540692111;0,316110927;0,236547089
dar. NPD;24,66672158;3,671179266;2,711591827;7,466775121;6,131118851;7,459842751;5,334914854;5,779521891;7,440698333;3,370991394;1,777602154;1,665542947;1,270795565;0,950941477
dar. AfD;49,53564514;7,372452507;3,444248671;9,484255719;7,067526214;8,599186457;8,84929585;9,586788259;18,10300469;8,201524951;7,293759236;6,833964069;4,777810478;3,575254963
Zusammen;671,9018549;100;36,31543448;100;82,18831222;100;92,3072004;100;220,7273014;100;106,7280887;100;133,6355177;100
;Frauen;;;;;;;;;;;;;
CDU;271,3557297;37,87450447;11,27105327;31,85053725;30,01701041;37,01127586;38,31951769;41,4596902;82,40603818;36,07334493;42,93366915;38,1215514;66,40844097;39,88945801
SPD;163,5972794;22,83410745;6,592375048;18,62919835;15,99524683;19,72230028;15,9021718;17,20530831;48,86037817;21,38869085;28,35702728;25,17869762;47,89008026;28,76606223
FDP;16,00159419;2,23342419;0,745937403;2,107922521;2,284593399;2,816926648;2,858120239;3,092334842;4,603146533;2,015033077;2,216691558;1,96823898;3,293105061;1,978064447
DIE LINKE;159,2308723;22,22466572;5,908479262;16,69659741;14,1656798;17,46642573;17,02653047;18,42180489;54,94584222;24,05261025;27,68653913;24,58335952;39,49780139;23,72508475
GRÜNE;37,34440178;5,2123488;4,255318891;12,02498024;5,460152122;6,732422506;7,083100666;7,663540069;12,6255529;5,526851366;3,918885305;3,479646407;4,001391891;2,403510028
Sonstige;68,93026783;9,620949372;6,614161569;18,69076424;13,17965642;16,25064897;11,23652157;12,15732169;24,99928879;10,94346952;7,510277597;6,668506073;5,390361891;3,237820541
dar. PIRATEN;12,19571536;1,702218253;2,277871347;6,436969505;3,186632176;3,929149537;1,956072435;2,116366855;3,541469766;1,550282761;0,766034856;0,680175669;0,467634782;0,280893479
dar. NPD;10,91127842;1,522942831;1,655667855;4,678702994;2,9079463;3,585527047;2,257513603;2,442510246;2,860327012;1,25211168;0,680067098;0,603843402;0,549756547;0,330221436
dar. AfD;33,53935486;4,681258976;1,985984484;5,612135021;5,057858198;6,23639005;5,335757824;5,773007586;13,09224815;5,731147788;4,789870032;4,253008892;3,277636166;1,968772769
Zusammen;716,4601451;100;35,38732544;100;81,10233897;100;92,42596244;100;228,4402468;100;112,62309;100;166,4811815;100
;Sachsen-Anhalt;;;;;;;;;;;;;
;Insgesamt;;;;;;;;;;;;;
CDU;485,781;41,20926524;18,10246851;30,81847163;49,88313371;39,11070398;66,33646767;43,9740836;144,3136999;39,43451089;84,46068701;40,59710752;122,6845432;45,83338856
SPD;214,731;18,21583539;10,82916024;18,43605845;21,46661796;16,83082994;20,14581456;13,3545509;59,84967766;16,35425304;40,76648138;19,59492974;61,6732482;23,04034294
FDP;30,998;2,629589885;1,833953772;3,122206912;4,526493159;3,548981807;4,94009691;3,274763372;9,321954247;2,547275182;4,556575273;2,190176079;5,818926638;2,173877154
DIE LINKE;282,319;23,94938985;9,763807305;16,62235282;21,12220042;16,56079052;31,10520996;20,6194745;99,85023213;27,28462418;58,5453046;28,1405481;61,93224559;23,13710108
GRÜNE;46,858;3,975008801;5,369439161;9,141179191;7,595715626;5,955395406;8,205395373;5,439311963;13,84205507;3,782417552;5,263858894;2,530140981;6,581535875;2,458778288
Sonstige;118,128;10,02091083;12,84019197;21,859731;22,94927004;17,99329834;20,12056887;13,33781567;38,78026065;10,59691916;14,45316353;6,947097573;8,98454494;3,356511982
dar. PIRATEN;22,753;1,930158676;4,829858007;8,222571517;7,273989504;5,703147118;3,825638623;2,535995035;5,153727162;1,408284245;0,949766007;0,456517157;0,720020698;0,268990596
dar. NPD;25,9;2,197121686;3,243405121;5,521721453;6,228147609;4,883158282;5,108011418;3,386072986;7,890333085;2,156076839;2,095715269;1,0073323;1,334387498;0,498510237
dar. AfD;49,661;4,212789963;3,678506988;6,262458802;6,550553971;5,13593991;8,100701589;5,369911023;18,00215347;4,91918728;8,469030034;4,07074741;4,860053951;1,815654485
Zusammen;1178,815;100;58,73902096;100;127,5434309;100;150,8535533;100;365,9578797;100;208,0460707;100;267,6750445;100
;Männer;;;;;;;;;;;;;
CDU;211,384291;37,17562261;8,408847005;27,7706418;23,54334488;36,2254704;31,47942444;41,75625498;64,73919419;36,22946468;36,15186832;35,83733408;47,06161212;39,75440092
SPD;111,2475099;19,56481926;5,770653246;19,05787371;11,24038069;17,2952518;10,33291865;13,7062222;31,4241119;17,58561821;21,83538103;21,64540537;30,64406443;25,88599006
FDP;16,30546969;2,867601869;1,241891387;4,101409008;2,420289889;3,724030726;2,566422864;3,404261972;5,241435018;2,933221323;2,368537141;2,347930018;2,466893395;2,083861233
DIE LINKE;139,5386046;24,54030279;4,776893009;15,77593035;10,51019731;16,17173956;14,92685815;19,7999076;48,26359828;27,00936196;30,2613133;29,998029;30,79974457;26,01749789
GRÜNE;19,25914259;3,387056878;1,879826004;6,208220291;3,158702878;4,860205642;3,337806594;4,427473047;6,273889785;3,511005523;2,063362728;2,045410731;2,545554597;2,150308786
Sonstige;70,87493712;12,4645966;8,201517256;27,08592484;14,11822075;21,72330188;12,7450936;16,9058802;22,74987895;12,73132831;8,197209462;8,125890795;4,863017092;4,107941111
dar. PIRATEN;13,68139153;2,406111854;3,170904921;10,4720736;4,662531069;7,174103005;2,434906749;3,229810865;2,638588818;1,476611836;0,531863277;0,527235875;0,242596694;0,204928939
dar. NPD;18,24482558;3,208671502;2,155217279;7,117713882;4,322612926;6,651080694;3,67175243;4,870439452;5,754881662;3,22055726;1,534147669;1,520800033;0,806213618;0,681033606
dar. AfD;29,7145959;5,225831106;2,378815215;7,856157357;3,668604456;5,644776594;5,228155532;6,93494876;10,83914206;6,065820236;4,695049784;4,654201165;2,904828856;2,453798877
Zusammen;568,6099549;100;30,27962791;100;64,9911364;100;75,3885243;100;178,6921081;100;100,877672;100;118,3808862;100
;Frauen;;;;;;;;;;;;;
CDU;274,396709;44,96795155;9,693621506;34,06123767;26,33978883;42,10842949;34,85704323;46,18966384;79,5745057;42,49281919;48,30881868;45,07748485;75,62293109;50,65364377
SPD;103,4834901;16,95880604;5,05850699;17,7744725;10,22623727;16,34830081;9,812895904;13,00323611;28,42556576;15,17926396;18,93110035;17,66481592;31,02918377;20,78392359
FDP;14,69253031;2,407802168;0,592062386;2,080376011;2,106203271;3,367107932;2,373674046;3,145396055;4,080519229;2,178998968;2,188038132;2,041682211;3,352033243;2,245254123
DIE LINKE;142,7803954;23,39875695;4,986914296;17,52291163;10,61200311;16,96501014;16,17835181;21,43821054;51,58663384;27,54728396;28,2839913;26,39210032;31,13250102;20,8531274
GRÜNE;27,59885741;4,522882535;3,489613157;12,26172726;4,437012748;7,093285357;4,867588779;6,450125099;7,568165286;4,041403415;3,200496167;2,98641783;4,035981278;2,703375219
Sonstige;47,25306288;7,743800754;4,638674717;16,29927493;8,831049288;14,11786627;7,375475267;9,773368356;16,0303817;8,560230505;6,255954065;5,837498872;4,121527847;2,7606759
dar. PIRATEN;9,071608471;1,486649208;1,658953086;5,829193485;2,611458435;4,174840356;1,390731874;1,842882579;2,515138344;1,343084923;0,41790273;0,389949589;0,477424003;0,319787465
dar. NPD;7,655174417;1,25452493;1,088187843;3,823650914;1,905534684;3,046306612;1,436258988;1,903211337;2,135451423;1,140331949;0,5615676;0,524004843;0,52817388;0,353780675
dar. AfD;19,9464041;3,268803538;1,299691773;4,566828852;2,881949515;4,607264269;2,872546058;3,806459885;7,163011411;3,825051077;3,77398025;3,521542074;1,955225095;1,309646082
Zusammen;610,2050451;100;28,45939305;100;62,55229452;100;75,46502904;100;187,2657715;100;107,1683987;100;149,2941582;100
;Berlin;;;;;;;;;;;;;
;Insgesamt;;;;;;;;;;;;;
CDU;508,643;28,45203474;24,36123636;20,50640702;66,28685779;21,71258118;68,89726098;25,28958041;126,2250054;25,83280941;81,41763634;31,25574248;141,4550031;41,35075636
SPD;439,387;24,57805217;28,19993622;23,73768562;71,48520485;23,41532492;59,14818608;21,7110635;115,5917028;23,65663141;71,51456113;27,45401128;93,44740895;27,31696268
FDP;63,616;3,558497103;4,145779242;3,489766911;9,26763292;3,035658029;9,397370111;3,449419378;18,72182376;3,831549093;8,867303768;3,404104756;13,2160902;3,863386333
DIE LINKE;330,507;18,48761636;19,52962491;16,43933138;52,46630973;17,18559375;43,91896691;16,12099276;97,98473018;20,05324422;54,45451325;20,90476117;62,15285502;18,16879933
GRÜNE;220,737;12,34739649;18,58651616;15,64545657;49,7175225;16,28521519;49,38517559;18,12743136;69,51218436;14,22614326;20,49458054;7,8677466;13,04102086;3,812209285
Sonstige;224,831;12,57640314;23,97507753;20,18135249;56,06886123;18,36562693;41,68642933;15,30151259;60,58738739;12,39962261;23,73997405;9,113633712;18,77327048;5,487886018
dar. PIRATEN;64,018;3,580983834;9,913376592;8,344721604;23,82461701;7,80386864;12,57089515;4,61430047;12,77224243;2,613926641;3,143771878;1,206875176;1,793096948;0,524166084
dar. NPD;27,014;1,511085902;2,672986277;2,2500231;7,274335301;2,382743744;5,2796801;1,93797101;7,592812766;1,553920988;2,151843263;0,826079728;2,042342292;0,597026593
dar. AfD;88,06;4,925824555;5,399756402;4,545319497;12,61536947;4,132225343;14,55260948;5,3417129;28,93532616;5,921812112;14,70416329;5,644840133;11,8527752;3,464856022
Zusammen;1787,721;100;118,7981704;100;305,292389;100;272,433389;100;488,6228339;100;260,4885691;100;342,0856486;100
;Männer;;;;;;;;;;;;;
CDU;224,6203243;26,17143779;10,67880151;18,88030614;30,74998099;20,64453119;33,14876078;23,71938562;60,21853101;24,53836737;35,0266744;28,49252136;54,79757561;37,87960713
SPD;213,8848024;24,92059798;14,3801281;25,4243157;35,33400472;23,72209475;30,5470544;21,85775111;59,00221602;24,04273283;33,7790954;27,47767562;40,84230372;28,23282603
FDP;36,25043054;4,223686751;2,714861753;4,799922629;5,57922435;3,745708693;6,231664924;4,459028329;10,7684754;4,388031409;4,807055268;3,910309136;6,149148841;4,250687
DIE LINKE;161,0128417;18,76026839;9,066735804;16,03014604;25,10179955;16,85252696;22,27069174;15,93565228;49,02137127;19,97565197;27,51305955;22,38055569;28,03918374;19,38248641
GRÜNE;93,54315102;10,89909724;6,80729382;12,03541345;19,41064275;13,03167048;22,54639079;16,13292699;31,26587006;12,7404869;8,554854512;6,95896425;4,958099091;3,427356842
Sonstige;128,9535791;15,02491185;12,91271055;22,82989605;32,77411408;22,00346792;25,00931341;17,89525566;35,12914982;14,31472952;13,25213141;10,77997394;9,876159817;6,827036592
dar. PIRATEN;36,7049679;4,276646768;5,686128729;10,05317414;13,98599472;9,389739278;7,397566286;5,293281657;7,148709432;2,913017892;1,737989823;1,413771447;0,748578907;0,517465866
dar. NPD;17,37334448;2,024239817;1,416499061;2,504394888;4,733658534;3,178023469;3,509831692;2,511437816;5,081038642;2,070465532;1,364779789;1,110182966;1,267536761;0,876202898
dar. AfD;52,47434433;6,114001672;2,989892175;5,286181183;7,35774991;4,939752566;9,44329219;6,757087858;17,63088806;7,184386619;8,336522589;6,781361692;6,715999406;4,642530552
Zusammen;858,265129;100;56,56053154;100;148,9497664;100;139,753876;100;245,4056136;100;122,9328705;100;144,6624708;100
;Frauen;;;;;;;;;;;;;
CDU;284,0226757;30,55795165;13,68243485;21,98418046;35,5368768;22,73012709;35,7485002;26,94349671;66,00647442;27,13889844;46,39096194;33,72521999;86,6574275;43,89425217
SPD;225,5021976;24,26174331;13,81980812;22,20490425;36,15120012;23,12306109;28,60113168;21,55655462;56,58948677;23,26705596;37,73546573;27,43286257;52,60510523;26,64586084
FDP;27,36556946;2,944256991;1,430917489;2,299119175;3,68840857;2,359182998;3,165705187;2,385978903;7,95334836;3,270059722;4,060248501;2,95171232;7,066941354;3,579590519
DIE LINKE;169,4941583;18,23584784;10,46288911;16,81119223;27,36451018;17,50291106;21,64827517;16,31621543;48,9633589;20,13153462;26,9414537;19,58585067;34,11367128;17,2794662
GRÜNE;127,193849;13,6847647;11,77922234;18,92620374;30,30687975;19,38491197;26,8387848;20,22828107;38,2463143;15,7251671;11,93972602;8,679921044;8,082921767;4,094211155
Sonstige;95,87742091;10,3154355;11,06236697;17,77440014;23,29474715;14,8998058;16,67711592;12,56947327;25,45823757;10,46728416;10,48784264;7,624433412;8,897110662;4,506619112
dar. PIRATEN;27,3130321;2,938604505;4,227247864;6,792108344;9,838622282;6,292987875;5,173328863;3,899116561;5,623532996;2,312144259;1,405782055;1,021972968;1,044518041;0,52907569
dar. NPD;9,640655521;1,037236497;1,256487217;2,018854249;2,540676767;1,625069815;1,769848409;1,333927423;2,511774124;1,032728736;0,787063474;0,572178022;0,77480553;0,392459254
dar. AfD;35,58565567;3,828654676;2,409864227;3,872036713;5,25761956;3,362883054;5,109317294;3,850871306;11,3044381;4,647877351;6,367640699;4,629136246;5,13677579;2,601911208
Zusammen;929,455871;100;62,23763888;100;156,3426226;100;132,679513;100;243,2172203;100;137,5556985;100;197,4231778;100
;Nordrhein-Westfalen;;;;;;;;;;;;;
;Insgesamt;;;;;;;;;;;;;
CDU;3776,563;39,76100837;218,9933542;28,82202863;389,6880645;33,91217331;498,6537505;38,01370765;1050,292666;36,39651409;576,7596899;41,85606217;1042,175475;51,75153633
SPD;3028,282;31,8828379;232,0651581;30,54242745;318,6352853;27,72888369;358,5540654;27,33353435;957,4294166;33,17846006;482,9686498;35,04954696;678,6294248;33,6988503
FDP;498,027;5,243406695;40,44284121;5,322740187;60,46839866;5,262195591;73,94214817;5,636807506;137,4243212;4,762259519;75,24425993;5,460555717;110,5050308;5,487372571
DIE LINKE;582,925;6,137243257;51,26948479;6,747650238;85,05223894;7,401577133;88,77524469;6,767574083;207,5158308;7,191188806;89,80821345;6,517477265;60,50398734;3,00445978
GRÜNE;760,642;8,008311507;88,14162221;11,60044499;121,4275474;10,56709816;140,2248386;10,68971408;283,525339;9,825198571;72,41777971;5,25543505;54,90487314;2,726423337
Sonstige;851,718;8,967192267;128,8999628;16,9647085;173,8381403;15,12807212;151,6234715;11,55866232;249,5081912;8,646378954;80,76115773;5,860922839;67,0870764;3,331357678
dar. PIRATEN;209,507;2,20576476;51,98351845;6,84162523;60,70742271;5,282996395;39,27421497;2,993978336;44,02061596;1,52547668;8,39571245;0,609285754;5,12551546;0,254518846
dar. NPD;.;.;.;.;.;.;.;.;.;.;.;.;.;.
dar. AfD;372,258;3,919265601;34,32506003;4,517570254;52,61810062;4,579032077;59,76654707;4,556163561;128,700898;4,459960733;53,20178879;3,860910217;43,64560553;2,167319414
Zusammen;9498,157;100;759,8124233;100;1149,109675;100;1311,773519;100;2885,695764;100;1377,95975;100;2013,805868;100
;Männer;;;;;;;;;;;;;
CDU;1678,296745;36,66010915;104,896533;27,01566859;179,9839887;31,75118422;228,9373148;35,48455699;491,251449;34,16927628;255,1107212;38,14328776;418,1167379;47,99551747
SPD;1505,572815;32,88718989;121,5392801;31,30193934;158,5424722;27,96866142;180,8894716;28,03729383;492,7712547;34,27498724;245,2826812;36,67383264;306,547655;35,18852989
FDP;265,8280984;5,806653166;23,31551944;6,004815681;32,31236068;5,700261028;40,30549472;6,247223725;76,48389447;5,319881147;39,91654372;5,968185917;53,49428542;6,14059586
DIE LINKE;315,1021583;6,882977969;25,88856421;6,667492729;43,56173101;7,684775497;46,92810478;7,273707259;113,1842954;7,872598586;50,83456862;7,600611883;34,70489424;3,983766271
GRÜNE;310,6087767;6,78482616;32,90145622;8,473634085;47,75837104;8,425109632;56,93838561;8,825269009;121,2157576;8,43123154;31,06136074;4,644189062;20,73344548;2,379987105
Sonstige;502,5830808;10,97824366;79,73899862;20,53644958;104,6986382;18,4700082;91,17573321;14,13194919;142,7926577;9,932025202;46,61617987;6,969892738;37,5608733;4,311603404
dar. PIRATEN;127,5572627;2,786314869;32,90688104;8,475031227;38,50292786;6,792346165;24,83208046;3,848893637;24,2636666;1,687673247;4,744363434;0,709361092;2,30734332;0,264859372
dar. NPD;.;.;.;.;.;.;.;.;.;.;.;.;.;.
dar. AfD;228,6367128;4,994257943;22,12226512;5,697497963;32,97565388;5,817273351;37,21459117;5,768143487;78,21118543;5,44002386;31,85171521;4,762360175;26,26130197;3,014528391
Zusammen;4577,991674;100;388,2803516;100;566,8575618;100;645,1745047;100;1437,699309;100;668,8220554;100;871,1578914;100
;Frauen;;;;;;;;;;;;;
CDU;2098,266255;42,64625508;114,0968212;30,7098175;209,7040758;36,01602657;269,7164358;40,46157135;559,0412167;38,60791333;321,6489687;45,35775927;624,0587374;54,61513522
SPD;1522,709185;30,94833373;110,525878;29,74867755;160,0928131;27,4954456;177,6645939;26,65239373;464,6581619;32,08973061;237,6859685;33,51760458;372,0817698;32,56311458
FDP;232,1989016;4,719331286;17,12732177;4,609917439;28,15603798;4,835712457;33,63665345;5,046010079;60,94042675;4,208603309;35,32771621;4,981785126;57,0107454;4,989353377
DIE LINKE;267,8228417;5,44337078;25,38092058;6,831421165;41,49050793;7,125866439;41,84713991;6,27770804;94,33153533;6,51462474;38,97364484;5,495920624;25,7990931;2,257833876
GRÜNE;450,0332233;9,146709378;55,240166;14,86820929;73,66917632;12,65245323;83,28645296;12,49423584;162,3095814;11,20925267;41,35641897;5,831930703;34,17142766;2,990547252
Sonstige;349,1349192;7,095999748;49,16096417;13,23195705;69,13950217;11,8744957;60,44773829;9,068080961;106,7155336;7,36987533;34,14497786;4,814999696;29,5262031;2,584015699
dar. PIRATEN;81,94973729;1,665589098;19,07663741;5,134586988;22,20449485;3,81355333;14,44213451;2,166540034;19,75694936;1,364433544;3,651349016;0,514899862;2,818172139;0,246635202
dar. NPD;.;.;.;.;.;.;.;.;.;.;.;.;.;.
dar. AfD;143,6212872;2,919033766;12,20279491;3,284452631;19,64244674;3,373529488;22,5519559;3,383136701;50,48971254;3,486867136;21,35007357;3,010709165;17,38430356;1,52140501
Zusammen;4920,165326;100;371,5320718;100;582,2521133;100;666,5990142;100;1447,996456;100;709,1376951;100;1142,647976;100
;Sachsen;;;;;;;;;;;;;
;Insgesamt;;;;;;;;;;;;;
CDU;994,601;42,6382075;39,5672212;30,48102487;116,2250408;36,96656808;136,1032345;42,78103022;275,2512414;41,39079756;159,7973604;42,8316423;267,6569017;50,29166886
SPD;340,819;14,61079492;19,88963827;15,32219196;43,35651673;13,7899855;35,77218811;11,24419317;88,42721924;13,29720844;59,62632373;15,98207482;93,74711392;17,6147104
FDP;71,259;3,054849159;4,324707837;3,331584153;11,54500811;3,672008419;12,02002202;3,778227072;21,30276147;3,203394409;9,406769547;2,52136448;12,65973102;2,378713181
DIE LINKE;467,045;20,02206073;17,89675355;13,78695227;44,9308066;14,29070457;52,02686656;16,35349048;142,2311791;21,38795783;92,70529467;24,84847066;117,2540995;22,03157963
GRÜNE;113,916;4,883540279;12,17975082;9,382799106;25,39929555;8,07850685;22,80756603;7,169052043;31,49292115;4,735735677;10,7096349;2,870580903;11,32683156;2,128266667
Sonstige;345,012;14,79054741;35,95128142;27,69544764;72,94915027;23,20222658;59,40933965;18,67400701;106,3005668;15,98490608;40,83711327;10,94586684;29,56454856;5,555061262
dar. PIRATEN;58,561;2,510490206;12,87304235;9,916883526;20,34292372;6,470275852;10,49234984;3,298037237;11,13795038;1,674864924;2,426707473;0,650447956;1,288026234;0,242015014
dar. NPD;76,436;3,276785393;7,681461646;5,917494743;17,06647449;5,428167519;14,31138775;4,49846702;23,73420834;3,569022279;8,013290489;2,147860209;5,629177279;1,057700055
dar. AfD;157,781;6,76401795;12,22227012;9,415554298;27,03155422;8,597663488;26,22805493;8,244206794;52,83203212;7,944596128;22,88019464;6,132744059;16,58689396;3,116611502
Zusammen;2332,652;100;129,8093531;100;314,405818;100;318,1392169;100;665,0058892;100;373,0824965;100;532,2092263;100
;Männer;;;;;;;;;;;;;
CDU;435,2801801;38,41942716;18,50305991;28,07909486;56,15519296;34,399049;64,62450593;39,47788276;128,0396805;38,81298241;67,30610521;37,64051648;100,6516356;43,49180525
SPD;178,0622094;15,71642449;10,9184095;16,56910034;23,78350383;14,56908739;18,9062138;11,54944678;44,97896199;13,63458308;31,69704232;17,72637177;47,77807792;20,64501831
FDP;37,74431328;3,331451697;2,170961939;3,294517043;5,858400427;3,588686864;6,977041922;4,262142342;11,85487663;3,593597831;4,987934449;2,789471003;5,895097913;2,547285484
DIE LINKE;228,9633295;20,20914427;8,445301553;12,81606527;22,19658135;13,59698452;25,83430951;15,78168881;69,41553869;21,04210251;46,71100839;26,12283797;56,36058999;24,35354168
GRÜNE;49,39683022;4,359945633;4,459971837;6,76817634;10,73205097;6,574144398;10,49555907;6,411537612;14,50136346;4,395833877;4,753791662;2,658528121;4,454093214;1,92462401
Sonstige;203,5220865;17,96360674;21,39850738;32,47304616;44,52062348;27,27204783;36,86037333;22,51730169;61,09837501;18,52090029;23,35703424;13,06227465;16,28717308;7,037725271
dar. PIRATEN;34,53515179;3,04819932;7,207125949;10,93708685;12,30455552;7,537415257;7,012014322;4,283506316;5,929410469;1,79739674;1,494427909;0,835749419;0,587617625;0,253910939
dar. NPD;53,24116254;4,699260521;5,219732422;7,921141829;11,770198;7,210083278;9,801152133;5,987337609;16,8162474;5,097550323;5,691966722;3,183196628;3,941865861;1,703289383
dar. AfD;92,09835365;8,128938903;7,431372801;11,27738995;16,1815606;9,912356569;16,23446413;9,91732567;30,21230578;9,158330361;12,84341865;7,182601188;9,195231691;3,973280945
Zusammen;1132,968949;100;65,89621212;100;163,246353;100;163,6980036;100;329,8887963;100;178,8129163;100;231,4266677;100
;Frauen;;;;;;;;;;;;;
CDU;559,3208199;46,62238242;21,06416129;32,95748099;60,06984782;39,73938901;71,4787286;46,28215944;147,2115609;43,92839518;92,49125517;47,60974676;167,0052661;55,52358718
SPD;162,7567906;13,56664917;8,971228764;14,03659502;19,5730129;12,94858572;16,8659743;10,92064349;43,44825725;12,96509733;27,92928142;14,37655931;45,969036;15,28314548
FDP;33,51468672;2,793628425;2,153745898;3,369801367;5,686607682;3,761992464;5,042980096;3,265307224;9,447884844;2,819278707;4,418835098;2,274589306;6,764633106;2,249011092
DIE LINKE;238,0816705;19,84538085;9,451451999;14,78796356;22,73422525;15,03989528;26,19255706;16,95956441;72,81564044;21,72841731;45,99428627;23,67549578;60,89350951;20,24502677
GRÜNE;64,51916978;5,378017946;7,719778985;12,07854733;14,66724457;9,703159886;12,31200696;7,971969847;16,99155769;5,070334533;5,955843233;3,065762136;6,872738346;2,284952418
Sonstige;141,4899135;11,79394119;14,55277404;22,76961173;28,42852679;18,80697764;22,54896632;14,60035559;45,20219181;13,48847694;17,48007903;8,997846708;13,27737548;4,41427706
dar. PIRATEN;24,02584821;2,002682974;5,665916404;8,865025748;8,038368201;5,317806729;3,480335516;2,253501796;5,208539912;1,554244777;0,932279563;0,479889627;0,700408609;0,232862109
dar. NPD;23,19483746;1,933413783;2,461729224;3,851679305;5,296276492;3,503767687;4,510235618;2,92035754;6,917960945;2,064341417;2,321323767;1,194898226;1,687311418;0,560973823
dar. AfD;65,68264635;5,474999942;4,790897323;7,495950363;10,84999362;7,177846007;9,993590805;6,47080568;22,61972634;6,749797851;10,03677599;5,166416676;7,39166227;2,457477024
Zusammen;1199,683051;100;63,91314098;100;151,159465;100;154,4412133;100;335,1170929;100;194,2695802;100;300,7825586;100
;Hessen;;;;;;;;;;;;;
;Insgesamt;;;;;;;;;;;;;
CDU;1232,994;39,16640275;67,82462765;28,48151166;121,3470679;34,50686217;164,6229894;37,52851208;342,9664707;35,61655244;99,93228299;40,86897853;436,3005613;47,83086599
SPD;906,906;28,80812531;61,88069185;25,98548208;82,42424758;23,43857334;107,4367141;24,49196212;282,9772755;29,38676469;80,39233777;32,87779112;291,7947332;31,98894528
FDP;175,144;5,563498641;12,80943943;5,379051993;16,58686327;4,716723811;24,91308608;5,679346822;47,43533465;4,926088198;14,56059478;5,954798765;58,8386818;6,45038158
DIE LINKE;188,654;5,992647608;17,21711654;7,229962369;29,58644676;8,413350715;27,27545751;6,217888158;68,14599372;7,076859011;14,57300734;5,959875092;31,85597812;3,492315059
GRÜNE;313,135;9,946821741;33,3726212;14,01412337;43,87791669;12,47734494;57,50290742;13,10873143;119,9130626;12,4527913;16,20362241;6,626742396;42,26486964;4,633423596
Sonstige;331,258;10,52250396;45,03113482;18,90986852;57,83814286;16,44714502;56,90996023;12,97355939;101,5031001;10,54094436;18,85682531;7,711814098;51,11883671;5,604068491
dar. PIRATEN;64,655;2,053784341;17,73962926;7,449380484;18,04148851;5,130368356;11,63564816;2,652536952;13,47577304;1,399438773;1,070502531;0,437799914;2,691958503;0,295114693
dar. NPD;34,115;1,083672613;5,65992843;2,376766717;7,411096997;2,107456793;6,886073207;1,569793395;9,718334955;1,009234476;1,180888586;0,482944138;3,258677826;0,35724314
dar. AfD;176,319;5,600822848;15,40578382;6,469331669;21,4726794;6,106079044;28,21552308;6,432191532;58,24536319;6,048693413;14,07317534;5,755460434;38,90647517;4,265248696
Zusammen;3148,091;100;238,1356315;100;351,6606851;100;438,6611147;100;962,9412373;100;244,5186706;100;912,1736608;100
;Männer;;;;;;;;;;;;;
CDU;560,7881955;36,537699;32,31700846;26,43823564;56,2884447;32,38078238;76,42825834;35,1443653;164,5120787;34,11675778;44,80090186;37,4329332;186,4415035;44,45473106
SPD;445,0767729;28,99861533;32,2774865;26,40590311;39,9773466;22,99757557;53,62079432;24,6567019;143,3601605;29,73024176;39,56926785;33,06169515;136,2717172;32,49234974
FDP;99,30070874;6,469856955;7,658681676;6,265494256;9,731980799;5,598469705;13,82664525;6,357971279;28,63519207;5,938408411;8,232411597;6,878506918;31,21579736;7,443030925
DIE LINKE;101,8918825;6,638682771;9,361317254;7,658404143;14,40193802;8,284933497;14,31018235;6,580318417;37,10661773;7,695225172;8,826182701;7,374626263;17,8856444;4,264616498
GRÜNE;130,1996341;8,483051315;12,29634643;10,05952345;17,48750987;10,05995555;24,27311884;11,16162234;51,04164395;10,58509149;7,241494101;6,050555986;17,85952086;4,258387654
Sonstige;197,5635827;12,87209463;28,32503387;23,1724394;35,9456542;20,67828331;35,01045211;16,09902077;57,54745114;11,93427539;11,01286057;9,201682483;29,72213079;7,086884122
dar. PIRATEN;41,49324242;2,703458479;11,57690066;9,470951748;12,00682049;6,907105772;7,657949553;3,52139094;8,402040927;1,742427653;0,376501914;0,314582305;1,473028878;0,351225995
dar. NPD;22,88492828;1,491048899;3,880701054;3,17476443;4,537014324;2,609986371;4,800729481;2,207542004;6,347067204;1,316264168;0,918806585;0,767699401;2,400609633;0,572396455
dar. AfD;106,6403348;6,948064325;9,859340811;8,065832454;13,70844113;7,885988882;17,40990599;8,005678909;33,86168493;7,022286217;8,651330195;7,228530048;23,14963176;5,519750887
Zusammen;1534,820776;100;122,2358742;100;173,8328742;100;217,4694512;100;482,2031441;100;119,6831187;100;419,3963141;100
;Frauen;;;;;;;;;;;;;
CDU;672,2058045;41,66727896;35,50761919;30,63649141;65,05862321;36,58517916;88,19473109;39,87253845;178,454392;37,12091772;55,13138113;44,16320533;249,8590578;50,70425
SPD;461,8292271;28,62689835;29,60320534;25,54207708;42,44690098;23,86966402;53,81591974;24,32999458;139,617115;29,04224087;40,82306992;32,7014775;155,5230161;31,56050437
FDP;75,84329126;4,70121435;5,150757755;4,444148871;6,854882468;3,854786512;11,08644083;5,012142255;18,80014258;3,910682936;6,328183181;5,069215526;27,62288444;5,605550787
DIE LINKE;86,76211754;5,378027579;7,85579929;6,778098138;15,18450874;8,538883015;12,96527516;5,861556873;31,03937599;6,456608376;5,746824643;4,603516029;13,97033372;2,83501947
GRÜNE;182,9353659;11,33941253;21,07627476;18,18491708;26,39040682;14,8404272;33,22978858;15,02307458;68,87141869;14,32618294;8,962128312;7,179147425;24,40534878;4,952611751
Sonstige;133,6944173;8,287168223;16,70610095;14,41426742;21,89248866;12,31106009;21,89950811;9,900693256;43,95564893;9,143367157;7,843964746;6,283438191;21,39670592;4,342063625
dar. PIRATEN;23,16175758;1,435702292;6,162728594;5,317292062;6,034668021;3,393545695;3,977698607;1,798304034;5,073732112;1,055404634;0,694000617;0,555931869;1,218929625;0,247359103
dar. NPD;11,23007172;0,696106055;1,779227376;1,535143315;2,874082673;1,616216641;2,085343726;0,942776817;3,371267751;0,701269111;0,262082;0,209941796;0,858068193;0,174128985
dar. AfD;69,67866518;4,31909448;5,546443012;4,785551878;7,764238265;4,36615523;10,80561709;4,885182793;24,38367827;5,072133582;5,421845145;4,34318995;15,75684341;3,197558392
Zusammen;1613,270224;100;115,8997573;100;177,8278109;100;221,1916635;100;480,7380932;100;124,8355519;100;492,7773467;100
;Thüringen;;;;;;;;;;;;;
;Insgesamt;;;;;;;;;;;;;
CDU;477,283;38,75015933;17,7787455;28,51344024;52,75571469;34,25790024;65,41807172;39,10313695;140,3771216;38,12401572;77,23588189;37,39410131;123,7174646;45,26942661
SPD;198,714;16,13340337;9,282802596;14,88770043;21,10152163;13,70266382;21,1775747;12,65872842;52,33235278;14,21256839;38,12041148;18,45616952;56,69933682;20,74684019
FDP;32,101;2,606250096;2,188245472;3,509494327;5,36990531;3,487047451;5,225428372;3,123458639;9,388674306;2,549802723;4,351854722;2,106970133;5,576891819;2,040639094
DIE LINKE;288,615;23,43238128;10,58090908;16,96959545;26,45641595;17,17996361;33,09084075;19,77978934;94,18627731;25,57937559;59,19215978;28,6581517;65,10839713;23,82379735
GRÜNE;60,511;4,912831363;4,78314373;7,671175837;9,631238224;6,254222888;10,38386372;6,206872726;18,49622976;5,023258394;7,501876264;3,632067301;9,714648295;3,554684533
Sonstige;174,469;14,16497455;17,73831229;28,44859371;38,68096669;25,118202;32,0004451;19,12801393;53,43113655;14,51097919;20,14344521;9,752540044;12,47469415;4,564612225
dar. PIRATEN;29,499;2,394996156;6,990605929;11,21148983;9,410637363;6,110971634;4,692187965;2,804718387;5,787900542;1,5718944;1,760776518;0,85248791;0,856891683;0,313545022
dar. NPD;39,107;3,175060669;4,250409242;6,816779614;10,89430091;7,074416035;7,929803259;4,73997742;10,48049608;2,846322768;3,694930282;1,788917197;1,857060225;0,679516443
dar. AfD;76,013;6,17142421;4,621936935;7,412633392;13,24341252;8,599855158;14,08866541;8,421388743;26,07230456;7,080790215;10,80558071;5,23157074;7,181099868;2,627634461
Zusammen;1231,693;100;62,35215868;100;153,9957625;100;167,2962244;100;368,2117923;100;206,5456293;100;273,2914329;100
;Männer;;;;;;;;;;;;;
CDU;209,6347078;34,93085013;8,310486771;25,55789234;26,27659824;32,50592227;31,3498507;36,57440303;65,9083602;36,18415371;32,08407451;32,20074455;45,70533743;38,31467797
SPD;103,1186789;17,18237956;5,466091746;16,81030103;10,61972434;13,13731446;11,18656016;13,05083599;27,52547309;15,11167849;20,32043201;20,39432492;28,00039757;23,4726681
FDP;17,06993274;2,844315564;1,408905073;4,332916369;3,023421384;3,74017594;2,853013279;3,328477016;5,043446586;2,768887679;2,119181999;2,126888161;2,621964419;2,197986669
DIE LINKE;143,9321263;23,98301113;5,332511462;16,3994911;13,59152153;16,81362779;16,40634652;19,14051635;46,0357116;25,27392974;29,92621181;30,03503503;32,63982338;27,36188796
GRÜNE;26,29406446;4,381307057;1,739374201;5,349234022;4,385802205;5,425532799;4,877395702;5,690229208;7,999632505;4,391854559;3,549527054;3,5624345;3,742332793;3,137188869
Sonstige;100,0925048;16,67813656;10,25895354;31,55016514;22,9392735;28,37742674;19,04211018;22,21553841;29,63440293;16,26949582;11,63825168;11,68057284;6,579513004;5,515590435
dar. PIRATEN;17,32047518;2,886062756;4,343473688;13,35782559;5,89025628;7,286643844;2,78068904;3,244099713;3,120408965;1,713126488;0,890010515;0,893246935;0,295636692;0,247831551
dar. NPD;26,32145555;4,385871158;2,465263121;7,5816172;7,113234262;8,79955;5,482895584;6,396637572;7,178410633;3,94099797;2,797198045;2,807369733;1,284453905;1,076754718
dar. AfD;43,85973058;7,308225299;2,532931359;7,789722643;7,808618082;9,659786634;8,438506957;9,84481098;14,9209043;8,191681497;6,314803008;6,337766062;3,843966869;3,222388478
Zusammen;600,1420151;100;32,51632279;100;80,8363412;100;85,71527654;100;182,1470269;100;99,63767906;100;119,2893686;100
;Frauen;;;;;;;;;;;;;
CDU;267,6482922;42,37952256;9,468258734;31,73451808;26,47911645;36,19372049;34,06822102;41,7600211;74,46876136;40,02303242;45,15180738;42,23428404;78,01212721;50,65654644
SPD;95,59532109;15,13659599;3,81671085;12,79237111;10,48179729;14,32733762;9,991014537;12,24674977;24,80687969;13,33238974;17,79997947;16,6498183;28,69893925;18,63542504
FDP;15,03106726;2,380024356;0,779340399;2,612095072;2,346483926;3,207357145;2,372415093;2,908050416;4,345227721;2,335330772;2,232672722;2,08840663;2,954927399;1,918758306
DIE LINKE;144,6828737;22,90913595;5,248397617;17,59091864;12,86489442;17,58474054;16,68449423;20,45145917;48,15056571;25,87839004;29,26594797;27,37490326;32,46857376;21,08320685
GRÜNE;34,21693554;5,417921333;3,043769529;10,20172366;5,245436018;7,169870847;5,50646802;6,749698511;10,49659726;5,641367531;3,95234921;3,696964725;5,972315501;3,878074966
Sonstige;74,37649516;11,77679981;7,479358758;25,06837344;15,74169318;21,51697336;12,95833492;15,88402104;23,79673362;12,7894895;8,50519353;7,955623045;5,895181149;3,827988396
dar. PIRATEN;12,17852482;1,928351806;2,647132241;8,872324716;3,520381083;4,811931288;1,911498925;2,343070259;2,667491577;1,433636063;0,870766003;0,8145007;0,561254991;0,364446408
dar. NPD;12,78554445;2,024467502;1,78514612;5,983228113;3,781066653;5,168256646;2,446907675;2,999361666;3,302085444;1,774696804;0,897732238;0,839724487;0,57260632;0,371817302
dar. AfD;32,15326942;5,091159731;2,089005576;7,001665996;5,434794441;7,4287007;5,650158448;6,925830846;11,15140026;5,993289614;4,490777701;4,20060219;3,337132999;2,166940433
Zusammen;631,5509849;100;29,83583589;100;73,15942128;100;81,58094782;100;186,0647654;100;106,9079503;100;154,0020643;100
;Rheinland-Pfalz;;;;;;;;;;;;;
;Insgesamt;;;;;;;;;;;;;
CDU;958,655;43,28996607;56,47795582;32,90173537;95,71559442;39,36540057;120,92205;42,1176354;270,8088464;39,0899463;154,2672069;45,41373358;260,4633465;54,25056173
SPD;608,91;27,49653759;41,90709174;24,41334893;54,02717858;22,22001064;65,47966669;22,80683074;198,9921428;28,72355272;104,6372359;30,80348475;143,8666842;29,9652467
FDP;122,64;5,538052208;11,03395054;6,427926;12,27039077;5,046501052;14,06170648;4,89774881;35,49031585;5,122855326;20,2655656;5,965849877;29,51807076;6,14816611
DIE LINKE;120,338;5,434100836;9,340078048;5,44114552;16,55892293;6,810265749;16,28524172;5,672215059;46,44035648;6,703440693;18,51386483;5,450177923;13,19953599;2,749263003
GRÜNE;169,372;7,648328266;20,60763034;12,0051583;21,56406833;8,868755325;29,82669668;10,38875818;68,06470045;9,824810087;16,96087916;4,993004431;12,34802505;2,571906198
Sonstige;234,582;10,59301503;32,2897584;18,81068588;43,01034678;17,68906666;40,5301439;14,11681181;72,98751729;10,53539487;25,04809976;7,373749434;20,71613388;4,314856255
dar. PIRATEN;49,664;2,242676328;13,6165567;7,932446187;13,77256941;5,664309092;8,507991559;2,963367611;10,48934216;1,514085773;2,078763082;0,611953731;1,198777089;0,249687073
dar. NPD;23,98;1,082864416;3,978074466;2,317462654;6,481792517;2,66579715;4,822937176;1,679848378;5,563929021;0,803126225;1,449983754;0,426851417;1,683283066;0,350602314
dar. AfD;106,414;4,805335026;10,12538926;5,898635547;15,10325462;6,211586227;17,16438204;5,978423162;37,20995835;5,371077397;15,14416712;4,458194227;11,66684861;2,430027485
Zusammen;2214,497;100;171,6564649;100;243,1465018;100;287,1055055;100;692,7838793;100;339,6928522;100;480,1117964;100
;Männer;;;;;;;;;;;;;
CDU;431,9007657;40,03236576;26,89117387;30,11462307;44,53928096;36,49966345;56,38743597;40,06410765;127,8216479;36,8853769;68,90241913;41,43948995;107,3588079;50,16685087
SPD;308,2731881;28,57347335;23,13343411;25,90644246;27,62164207;22,63576371;32,75573865;23,27343702;104,8954363;30,26958084;52,92539699;31,8305436;66,94153992;31,2805844
FDP;68,45334255;6,344858505;6,792029222;7,606190823;7,162807506;5,869876157;8,048430415;5,718528906;20,35693154;5,874381255;11,11794109;6,686583926;14,97520278;6,997644436
DIE LINKE;64,83253218;6,00924992;4,616809458;5,170227127;8,530319818;6,990543983;8,43674647;5,99443321;24,33479326;7,022269201;11,35928599;6,831734263;7,554577186;3,53011881
GRÜNE;68,74390969;6,371790826;7,610955513;8,523281935;8,189745073;6,7114451;11,66932143;8,291225554;28,25899491;8,154672509;7,885373705;4,742444003;5,129519052;2,396932515
Sonstige;136,6752076;12,66826164;20,25166442;22,67923459;25,982757;21,2927076;23,44534938;16,65826766;40,86965521;11,7937193;14,08194604;8,469204255;12,04383559;5,627868973
dar. PIRATEN;29,249452;2,711096747;8,555119213;9,580622686;8,663212149;7,09944842;5,022936257;3,568870537;5,341084871;1,541272013;1,049419276;0,631144742;0,617680235;0,288630927
dar. NPD;16,30389458;1,511188502;2,663249135;2,982493224;4,11602114;3,373053699;3,399337449;2,415279559;3,82084243;1,102577032;0,981205148;0,590119206;1,323239273;0,618326047
dar. AfD;64,36106505;5,965550195;6,479424372;7,256113981;9,333629941;7,648851627;10,27698321;7,301948643;22,01941471;6,354122515;9,041442666;5,437730303;7,210170152;3,369183563
Zusammen;1078,878946;100;89,29606659;100;122,0265524;100;140,7430223;100;346,5374591;100;166,272363;100;214,0034824;100
;Frauen;;;;;;;;;;;;;
CDU;526,7542343;46,38480626;29,58678195;35,92355376;51,17631346;42,25258822;64,53461406;44,09231974;142,9871985;41,29636876;85,36478775;49,224165;153,1045386;57,53466937
SPD;300,6368119;26,47340898;18,77365763;22,7945202;26,40553651;21,80114559;32,72392804;22,35813941;94,09670652;27,17622509;51,71183893;29,81875969;76,92514431;28,9074562
FDP;54,18665745;4,771556532;4,241921314;5,150438077;5,107583265;4,216962846;6,013276064;4,108481855;15,13338432;4,370697698;9,147624508;5,274823379;14,54286798;5,465018271
DIE LINKE;55,50546782;4,88768804;4,723268589;5,734878276;8,028603113;6,628638101;7,848495249;5,362368196;22,10556321;6,384344192;7,154578845;4,125567214;5,644958805;2,12130118
GRÜNE;100,6280903;8,861085815;12,99667483;15,78024766;13,37432325;11,04221338;18,15737524;12,40575785;39,80570554;11,49635151;9,075505456;5,233237144;7,218505996;2,712619492
Sonstige;97,90679238;8,621454371;12,03809398;14,61636202;17,02758978;14,05845186;17,08479452;11,67293295;32,11786208;9,27601275;10,96615372;6,323447578;8,67229829;3,258935491
dar. PIRATEN;20,414548;1,797659691;5,06143749;6,145474761;5,109357261;4,218427507;3,485055302;2,381112445;5,148257286;1,486876683;1,029343806;0,593553744;0,581096854;0,218368545
dar. NPD;7,676105425;0,67594077;1,314825332;1,596429059;2,365771377;1,953246669;1,423599727;0,972653439;1,74308659;0,503423715;0,468778607;0,270313277;0,360043793;0,135299716
dar. AfD;42,05293495;3,703087917;3,645964883;4,426842219;5,769624678;4,763562656;6,887398831;4,705713296;15,19054364;4,387205976;6,102724459;3,519033124;4,456678457;1,674761074
Zusammen;1135,618054;100;82,36039828;100;121,1199494;100;146,3624832;100;346,2464202;100;173,4204892;100;266,108314;100
;Bayern;;;;;;;;;;;;;
;Insgesamt;;;;;;;;;;;;;
SPD;1314,009;19,96745054;90,3724884;17,2572878;134,9198073;16,32044557;156,9993974;16,51094353;414,7251729;20,82163296;231,5304372;23,44974877;285,4616968;21,95254102
FDP;334,158;5,077806422;26,00079448;4,965041921;41,96638822;5,076424051;46,78471906;4,920145348;96,91203271;4,865551711;51,21990502;5,187628542;71,2741605;5,481116905
DIE LINKE;248,92;3,782544708;21,53808563;4,112855018;35,57830987;4,303696256;35,99228264;3,785151766;92,91728827;4,66499214;38,82131666;3,93188098;24,07271693;1,851237178
GRÜNE;552,818;8,400525472;58,94125456;11,25526376;84,75641114;10,25247828;104,8810063;11,02987911;210,3596722;10,56128774;55,02574032;5,57308923;38,85391546;2,987939126
CSU;3243,569;49,28870624;207,6895417;39,65983739;371,3388266;44,91864633;456,2845897;47,98546505;903,6533267;45,36869021;509,9153897;51,64499287;794,6873255;61,11294897
Sonstige;887,281;13,48296662;119,1350749;22,74971411;158,1321921;19,12830951;149,9388378;15,7684152;273,2319673;13,71784523;100,8344085;10,21265961;86,00851949;6,614216805
dar. PIRATEN;127,934;1,944062649;36,08034774;6,889806354;38,65316171;4,675642771;20,53495415;2,159571782;25,04101861;1,257205814;4,767822132;0,482892152;2,856695663;0,219685266
dar. NPD;.;.;.;.;.;.;.;.;.;.;.;.;.;.
dar. AfD;283,57;4,309080037;22,92547337;4,377786856;35,60767916;4,307248885;44,86942626;4,718722337;96,38266117;4,838974159;46,33307733;4,692683329;37,45168271;2,880104792
Zusammen;6580,755;100;523,6772397;100;826,6919352;100;950,8808329;100;1991,79946;100;987,3471974;100;1300,358335;100
;Männer;;;;;;;;;;;;;
SPD;680,142578;20,91010421;47,26177483;17,30476085;70,92165195;16,88982487;80,81276402;16,96393952;222,9223717;22,00823681;119,0132577;24,69420805;139,2107578;23,65742384
FDP;188,5956681;5,798129983;16,04185604;5,873678745;23,09690222;5,500473024;26,32198902;5,52542207;57,96249332;5,722405828;28,32582359;5,877360173;36,84660392;6,261698016
DIE LINKE;140,8946304;4,33162325;12,41327586;4,54508471;19,65768879;4,681432424;19,89884383;4,177097361;52,01249253;5,134985977;22,77769366;4,726171831;14,13463569;2,402034675
GRÜNE;232,0482347;7,134022965;23,42036476;8,575298167;34,62798878;8,246574211;45,06676291;9,460261009;88,81293528;8,768146941;23,94538802;4,968458178;16,17479499;2,748738578
CSU;1526,277382;46,92342481;103,2803536;37,8157999;182,7593004;43,52369822;222,2269262;46,64911766;447,1769573;44,14799778;232,8513349;48,3146115;337,9825097;57,43662062
Sonstige;484,7396809;14,90269478;70,69666548;25,88537763;88,84403059;21,15799725;82,05241287;17,22416238;144,0170258;14,21822666;55,03456647;11,41919027;44,09497972;7,493484274
dar. PIRATEN;84,01963127;2,583074936;24,58841957;9,002978026;26,58895786;6,332097876;14,6143393;3,067792211;14,1403664;1,396021987;2,79835357;0,580633844;1,289194575;0,219085241
dar. NPD;.;.;.;.;.;.;.;.;.;.;.;.;.;.
dar. AfD;177,8559992;5,467952748;15,43594094;5,651824703;22,77583977;5,424012756;28,36987605;5,955307523;59,74989267;5,898868638;29,41792618;6,103961891;22,1065236;3,756774309
Zusammen;3252,698174;100;273,1142906;100;419,9075627;100;476,3796989;100;1012,904276;100;481,9480644;100;588,4442818;100
;Frauen;;;;;;;;;;;;;
SPD;633,866422;19,04614179;43,11071357;17,20554205;63,99815535;15,73269764;76,18663336;16,05615412;191,8028012;19,59380374;112,5171795;22,26303374;146,250939;20,54334205
FDP;145,5623319;4,373793463;9,958938445;3,974625331;18,86948601;4,638694917;20,46273005;4,312472316;38,94953939;3,978928492;22,89408143;4,529901207;34,42755659;4,835914735
DIE LINKE;108,0253696;3,245899193;9,124809771;3,641723488;15,92062108;3,913774017;16,09343881;3,391654446;40,90479574;4,178669627;16,043623;3,174446087;9,938081241;1,395966437
GRÜNE;320,7697653;9,638350006;35,52088981;14,17643348;50,12842236;12,32309443;59,81424343;12,60571138;121,5467369;12,41672641;31,08035231;6,149664745;22,67912047;3,185654276
CSU;1717,291618;51,60042955;104,4091881;41,66984323;188,5795262;46,35859659;234,0576635;49,32710307;456,4763695;46,63179233;277,0640548;54,82084093;456,7048158;64,1516787
Sonstige;402,5413191;12,09538599;48,43840943;19,33183242;69,28816147;17,03314241;67,8864249;14,30690467;129,2149415;13,2000794;45,79984201;9,06211329;41,91353977;5,887443801
dar. PIRATEN;43,91436873;1,319519799;11,49192817;4,586443529;12,06420384;2,965749095;5,920614852;1,24775568;10,90065221;1,113566844;1,969468561;0,389685781;1,567501088;0,220181226
dar. NPD;.;.;.;.;.;.;.;.;.;.;.;.;.;.
dar. AfD;105,7140008;3,17644819;7,489532425;2,989082165;12,83183939;3,154457315;16,49955022;3,477241472;36,6327685;3,742256484;16,91515115;3,346889625;15,3451591;2,155479168
Zusammen;3328,056826;100;250,5629491;100;406,7843725;100;474,501134;100;978,8951842;100;505,3991331;100;711,9140529;100
;Baden-Württemberg;;;;;;;;;;;;;
;Insgesamt;;;;;;;;;;;;;
CDU;2576,606;45,66815532;160,3958925;34,73103193;286,7893846;40,19709713;345,6438365;44,01151858;707,8172386;41,619603;385,486162;47,99410897;690,4734857;58,63832041
SPD;1160,424;20,56753088;97,87601479;21,19340428;127,9693492;17,93649499;132,0950412;16,81992487;364,9934038;21,46158604;182,6008392;22,73431692;254,8893517;21,64642638
FDP;348,317;6,173623308;25,90688722;5,609700555;44,20790497;6,196287399;45,78661869;5,830101412;90,82629568;5,340579689;54,26288877;6,75588193;87,32640467;7,416177164
DIE LINKE;272,456;4,829051444;25,00517294;5,414449498;39,81795555;5,58098142;39,52391316;5,032658635;98,49219068;5,791333766;42,06546427;5,237268351;27,5513034;2,33978884
GRÜNE;623,294;11,04735734;56,2465719;12,17924882;87,23265643;12,22674113;108,9717943;13,87559576;243,1548788;14,29748948;69,38723076;8,638904952;58,30086782;4,951189348
Sonstige;660,922;11,71428171;96,39245759;20,87216492;127,4406978;17,86239793;113,3273768;14,43020075;195,3983335;11,48940803;69,39216178;8,639518879;58,97097257;5,008097857
dar. PIRATEN;130,767;2,31773413;38,30091847;8,293419497;40,4026473;5,662933237;23,14996702;2,94773144;23,2232192;1,365523628;3,96978943;0,494249924;1,72045857;0,146109594
dar. NPD;56,302;0,997905183;10,95075996;2,371202828;13,30846527;1,865346835;9,691458001;1,234032663;13,98344087;0,822225323;3,925306214;0,488711639;4,442569691;0,377284328
dar. AfD;295,988;5,246136179;28,94962132;6,26855343;42,61877409;5,973550953;44,50456586;5,66685507;100,5253172;5,910881463;43,13462226;5,370381521;36,25509923;3,078956932
Zusammen;5642,019;100;461,822997;100;713,4579486;100;785,3485807;100;1700,682341;100;803,1947468;100;1177,512386;100
;Männer;;;;;;;;;;;;;
CDU;1166,649258;42,37285867;77,3930587;32,35088542;130,6949559;36,60156735;160,4299753;41,3587052;339,0521506;39,76852856;170,8839386;43,88776321;288,1951785;54,6693785
SPD;589,2114729;21,40024031;51,99148586;21,73283535;63,80315989;17,86829214;67,38540837;17,37189845;188,6689581;22,12959522;93,33216164;23,97030314;124,030299;23,52801111
FDP;199,3463733;7,240287213;15,78185348;6,596934432;26,74842303;7,490986932;27,20337918;7,013007;52,93844191;6,209321886;31,11536387;7,991293581;45,55891184;8,642328468
DIE LINKE;147,1183292;5,343357593;13,02251977;5,443512014;21,39053064;5,990490928;20,36820063;5,250904039;54,28931167;6,36776979;22,42305934;5,758867257;15,6247071;2,963939338
GRÜNE;268,0865157;9,736938472;21,4219972;8,954557274;38,01952733;10,64749806;47,36059869;12,20952029;106,9206614;12,54107183;32,06252709;8,234551522;22,30120402;4,230441918
Sonstige;382,8817735;13,90631775;59,61919477;24,92127551;76,41815538;21,40116458;65,15136878;16,79596502;110,6944581;12,98371271;39,54874555;10,15722129;31,44985099;5,965900667
dar. PIRATEN;86,22275369;3,131622064;26,16563144;10,93743236;28,40360467;7,954526188;14,84863501;3,82796492;13,12957815;1,540010888;2,620833656;0,673103206;1,054470759;0,200028541
dar. NPD;37,93717571;1,377883348;7,631756064;3,190131907;8,794264128;2,462863609;7,190630146;1,853738067;8,79533845;1,031633829;2,745300773;0,705069834;2,779886154;0,527332376
dar. AfD;184,2227312;6,690994488;18,89062531;7,896424629;26,56823867;7,44052569;28,15574056;7,258524918;62,59070364;7,341467031;27,07758988;6,954280562;20,93983313;3,97219575
Zusammen;2753,293722;100;239,2301098;100;357,0747522;100;387,898931;100;852,5639817;100;389,3657961;100;527,1601514;100
;Frauen;;;;;;;;;;;;;
CDU;1409,956742;48,8089592;83,00283384;37,28907733;156,0944287;43,79960397;185,2138612;46,60058484;368,7650881;43,4803803;214,6022234;51,8577115;402,2783072;61,85545093
SPD;571,2125271;19,77386121;45,88452893;20,6136546;64,16618933;18,00483019;64,70963284;16,28121522;176,3244457;20,79007532;89,26867761;21,57139501;130,8590527;20,12125826
FDP;148,9706267;5,156967602;10,12503374;4,548678022;17,45948194;4,899075523;18,58323951;4,675621057;37,88785377;4,467283764;23,14752489;5,593500613;41,76749283;6,422287896
DIE LINKE;125,3376708;4,338857413;11,98265318;5,383214767;18,42742491;5,170677265;19,15571253;4,819657671;44,20287901;5,211876211;19,64240493;4,746503331;11,92659629;1,833867197
GRÜNE;355,2074843;12,29634009;34,82457471;15,64496294;49,2131291;13,80904869;61,61119564;15,50163541;136,2342174;16,06311382;37,32470367;9,019355366;35,99966381;5,535410182
Sonstige;278,0402265;9,625014487;36,77326282;16,52041235;51,02254246;14,31676436;48,17600797;12,12128581;84,70387541;9,987270583;29,84341623;7,211534181;27,52112158;4,231725536
dar. PIRATEN;44,54424631;1,542003549;12,13528703;5,451785627;11,99904263;3,366893487;8,301332019;2,088649978;10,09364105;1,190121749;1,348955773;0,325969406;0,66598781;0,10240417
dar. NPD;18,36482429;0,635741461;3,319003899;1,49106467;4,514201137;1,26667059;2,500827855;0,629218785;5,188102416;0,61171915;1,180005441;0,285143279;1,662683537;0,255658926
dar. AfD;111,7652688;3,869016887;10,05899601;4,51901053;16,05053542;4,503729576;16,3488253;4,113433063;37,9346136;4,472797126;16,05703238;3,880113355;15,3152661;2,354918656
Zusammen;2888,725278;100;222,5928872;100;356,3831964;100;397,4496497;100;848,1183593;100;413,8289507;100;650,3522345;100
;Saarland;;;;;;;;;;;;;
;Insgesamt;;;;;;;;;;;;;
CDU;212,368;37,75028441;11,13350902;27,61025269;19,51926027;30,80115974;21,23419866;32,87345492;55,66230467;32,99474639;37,44137895;40,57473807;67,37734844;50,54848441
SPD;174,592;31,03526735;10,91126222;27,05909758;15,33822787;24,20354052;18,92893687;29,30459317;55,69411332;33,01360149;30,24709756;32,77838839;43,47236216;32,61425496
FDP;21,506;3,822881115;1,566148353;3,883928392;2,634992342;4,157986466;2,50568088;3,879138026;5,716014124;3,388261365;3,865050242;4,188504954;5,218114059;3,914783875
DIE LINKE;56,045;9,96249289;3,856384419;9,563539053;7,21570608;11,38629807;6,742207371;10,4378627;20,22377125;11,98797296;9,347130138;10,12936403;8,659800742;6,496839264
GRÜNE;31,998;5,687926621;3,683583374;9,135005648;5,779688751;9,120279866;5,133282952;7,947026796;11,20859637;6,644079812;3,41341226;3,699070715;2,77943629;2,085215509
Sonstige;66,051;11,74114761;9,172934147;22,74817664;12,88396015;20,33073534;10,04944743;15,55792439;20,19570793;11,97133797;7,963492527;8,629933846;5,785457811;4,340421978
dar. PIRATEN;14,693;2,611810296;4,036138772;10,00931613;4,460070215;7,037937566;2,347438643;3,634157316;2,908770342;1,724221451;0,517572901;0,560887058;0,423009128;0,317353989
dar. NPD;.;.;.;.;.;.;.;.;.;.;.;.;.;.
dar. AfD;29,291;5,206733504;2,239887683;5,554750512;3,736836959;5,89668412;3,689925865;5,712511856;10,72666055;6,358404426;5,315768721;5,760629805;3,581920225;2,68726275
Zusammen;562,56;100;40,32382153;100;63,37183547;100;64,59375416;100;168,7005077;100;92,27756168;100;133,2925195;100
;Männer;;;;;;;;;;;;;
CDU;92,43273786;34,11979196;5,363084124;26,11754798;9,572447393;29,39339089;9,322953146;29,37508141;25,34540653;30,39888083;17,68493599;37,44528168;25,14391068;45,33460718
SPD;86,72330997;32,01226495;5,841173988;28,44578574;7,620196509;23,39876162;9,546740653;30,08019878;28,92779343;34,69553918;15,76902458;33,38861772;19,01838081;34,29024364
FDP;11,71635323;4,324869564;1,010418281;4,920610477;1,411597314;4,334485209;1,356777103;4,274979959;3,098592663;3,716403167;2,363844532;5,005097244;2,475123336;4,462660785
DIE LINKE;30,19779072;11,14694166;2,01778578;9,826364028;3,968418648;12,18552328;3,584445756;11,29399496;10,60187793;12,71572517;5,430345908;11,49796823;4,594916699;8,284659704
GRÜNE;13,63305758;5,032384619;1,432544842;6,976313962;2,448696223;7,519026463;2,20432599;6,945466142;4,773154289;5,72484597;1,643023825;3,478864158;1,131312408;2,039762402
Sonstige;36,20326137;13,36374725;4,86940199;23,71337782;7,545309761;23,16881254;5,722382231;18,03027874;10,62929243;12,74860569;4,337568533;9,18417096;3,099306431;5,588066287
dar. PIRATEN;8,623219786;3,183098023;2,161038461;10,52398664;2,791463915;8,571537315;1,636315208;5,155758234;1,59965462;1,91860052;0,257022482;0,544207751;0,177725099;0,320439316
dar. NPD;.;.;.;.;.;.;.;.;.;.;.;.;.;.
dar. AfD;17,09942936;6,311930013;1,274887032;6,208540172;2,377667288;7,300923277;2,207936526;6,956842343;6,020583729;7,220993165;3,148155589;6,665761917;2,070199195;3,732580365
Zusammen;270,9065107;100;20,53440901;100;32,56666585;100;31,73762488;100;83,37611727;100;47,22874337;100;55,46295036;100
;Frauen;;;;;;;;;;;;;
CDU;119,9352621;41,12251921;5,770424892;29,15915208;9,946812882;32,2894274;11,91124551;36,2527351;30,31689814;35,53133869;19,75644296;43,85562973;42,23343776;54,26400047
SPD;87,86869003;30,12776917;5,070088228;25,62020587;7,718031365;25,05433815;9,382196217;28,5553911;26,76631989;31,3700687;14,47807299;32,13862989;24,45398135;31,41991099
FDP;9,789646771;3,356601972;0,555730072;2,80821915;1,223395028;3,9713952;1,148903777;3,496771537;2,617421461;3,067612261;1,50120571;3,332397532;2,742990723;3,524355529
DIE LINKE;25,84720928;8,862300721;1,838598639;9,290819712;3,247287432;10,5413717;3,157761615;9,610875303;9,621893323;11,27683805;3,91678423;8,69453268;4,064884043;5,222801678
GRÜNE;18,36494242;6,296836176;2,251038532;11,37496391;3,330992528;10,81309588;2,928956961;8,914491832;6,435442084;7,542324128;1,770388435;3,929933129;1,648123881;2,117606328
Sonstige;29,84773863;10,23397275;4,303532157;21,74663928;5,338650388;17,33037167;4,327065201;13,16973513;9,566415506;11,21181817;3,625923994;8,048877041;2,68615138;3,451325004
dar. PIRATEN;6,069780214;2,081161528;1,875100311;9,475270219;1,668606299;5,416643763;0,711123435;2,16435548;1,309115722;1,534280779;0,260550419;0,578373481;0,245284029;0,315155321
dar. NPD;.;.;.;.;.;.;.;.;.;.;.;.;.;.
dar. AfD;12,19157064;4,180155935;0,965000651;4,876348146;1,359169672;4,412147987;1,481989339;4,510541476;4,706076818;5,515511797;2,167613132;4,811698094;1,51172103;1,942347937
Zusammen;291,6534893;100;19,78941252;100;30,80516962;100;32,85612928;100;85,32439039;100;45,04881831;100;77,82956914;100
;Deutschland;;;;;;;;;;;;;
;Insgesamt;;;;;;;;;;;;;
CDU;14921,877;34,12519985;804,7749357;25,12548392;1592,327816;29,63306949;2000,150742;32,94529501;4139,150251;31,4118129;2237,028105;35,08171875;4148,44515;43,55070042
SPD;11252,215;25,73296146;784,8632345;24,50383046;1177,06912;21,90514457;1320,426588;21,74928248;3460,871099;26,26438492;1812,901621;28,43044513;2696,083337;28,30369294
FDP;2083,533;4,764881793;156,6126552;4,889526968;254,8085204;4,741962374;294,6633769;4,853520125;575,1852276;4,365053128;309,7578284;4,857711441;492,5053914;5,170359973
DIE LINKE;3755,699;8,588998486;237,398693;7,411708266;462,7138464;8,611060753;488,0996392;8,039687344;1288,364952;9,77733988;641,5137641;10,06040353;637,6081053;6,69365957
GRÜNE;3694,057;8,448027912;382,2148927;11,93294388;574,8232839;10,69740674;679,1105491;11,1859056;1370,507847;10,40071837;370,1302654;5,804489377;317,2701622;3,330726884
CSU;3243,569;7,417796056;207,6895417;6,484173413;371,3388266;6,91058031;456,2845897;7,515648745;903,6533267;6,857781792;509,9153897;7,996639939;794,6873255;8,342689462
Sonstige;4775,906;10,92213444;629,4686763;19,6523331;940,4011304;17,50077576;832,3916407;13,7106607;1439,317168;10,92290901;495,3736271;7,768591831;438,9537579;4,608170752
dar. PIRATEN;957,721682;2,190236778;242,7076791;7,577457522;293,9745415;5,470838309;169,7960752;2,796780098;192,5280291;1,461085987;36,04583217;0,565281117;22,66952488;0,237986439
dar. NPD;X;X;X;X;X;X;X;X;X;X;X;X;X;X
dar. AfD;2061,588765;4,714696994;170,8828286;5,335049059;291,0777516;5,416929324;332,7567478;5,480971505;706,9683254;5,365148742;295,2186279;4,629703512;264,6844842;2,778678338
Zusammen;43726,856;100;3203,022629;100;5373,482544;100;6071,127127;100;13177,04987;100;6376,6206;100;9525,55323;100
;Männer;;;;;;;;;;;;;
CDU;6665,92998;31,40606306;383,8466148;23,37910087;740,533118;27,5945938;933,0412611;30,95937345;1949,124823;29,62141167;980,2605251;31,66842699;1679,123638;39,88174789
SPD;5635,706108;26,55223531;413,3244694;25,17452047;591,8925398;22,05577821;666,3990288;22,11188;1790,406252;27,20931981;919,1619048;29,69456683;1254,521913;29,79680919
FDP;1158,047405;5,456059387;94,26481612;5,741425246;143,5744587;5,350036037;167,7928568;5,567558406;331,9419204;5,04461703;172,1539443;5,561628237;248,3194091;5,897964775
DIE LINKE;1940,132861;9,140800332;120,5563613;7,342775011;234,6013475;8,741984296;250,3329546;8,306333012;664,9664358;10,10568657;344,7453854;11,1373903;324,9303766;7,717592122
GRÜNE;1542,507197;7,267414815;143,497419;8,740055284;231,645027;8,631822492;285,2250688;9,464093168;590,2129648;8,969636526;165,0003535;5,330523381;126,9263637;3,014694763
CSU;1526,277382;7,190949177;103,2803536;6,290538232;182,7593004;6,810186519;222,2269262;7,373742929;447,1769573;6,795877096;232,8513349;7,522526216;337,9825097;8,027600194
Sonstige;2756,377084;12,98647792;383,06648;23,33158488;558,6108745;20,81559865;488,7420577;16,21701903;806,2919604;12,2534513;281,2140354;9,084938054;238,451676;5,663591061
dar. PIRATEN;594,7842739;2,802284523;156,5657098;9,536010949;191,0114943;7,117689228;108,7963282;3,609986286;107,9558805;1,640636629;20,0651029;0,648225885;10,38975817;0,246772606
dar. NPD;X;X;X;X;X;X;X;X;X;X;X;X;X;X
dar. AfD;1252,052255;5,898956665;109,4385452;6,665617695;179,1138051;6,674343896;206,5243645;6,852714017;423,5938146;6,43747728;178,8177264;5,776909266;154,5639996;3,671130777
Zusammen;21224,97802;100;1641,836514;100;2683,616666;100;3013,760154;100;6580,121314;100;3095,387483;100;4210,255886;100
;Frauen;;;;;;;;;;;;;
CDU;8255,94702;36,6900355;420,9283209;26,96208459;851,7946982;31,66680931;1067,109481;34,90289164;2190,025428;33,19765265;1256,76758;38,30168522;2469,321512;46,45688382
SPD;5616,508892;24,96017842;371,5387651;23,7984928;585,1765798;21,75486089;654,0275596;21,39185664;1670,464847;25,32185747;893,7397161;27,23792197;1441,561424;27,12099308
FDP;925,4855945;4,11292602;62,34783912;3,993619885;111,2340617;4,135301414;126,8705201;4,149666077;243,2433072;3,687220577;137,6038841;4,193663761;244,1859823;4,594022997
DIE LINKE;1815,566139;8,068509394;116,8423317;7,484202591;228,1124989;8,480441377;237,7666847;7,776844808;623,3985162;9,449829732;296,7683787;9,044416174;312,6777287;5,882600889
GRÜNE;2151,549803;9,561645498;238,7174737;15,29077612;343,1782569;12,75819214;393,8854803;12,88316005;780,2948819;11,8281542;205,1299118;6,251610432;190,3437985;3,581056453
CSU;1717,291618;7,631770198;104,4091881;6,687811729;188,5795262;7,010740862;234,0576635;7,655530578;456,4763695;6,91952877;277,0640548;8,443900355;456,7048158;8,592272197
Sonstige;2019,528916;8,97493497;246,4021963;15,78301229;381,7902559;14,19365401;343,6495831;11,24005022;633,0252072;9,595756597;214,1595917;6,52680209;200,5020818;3,772170565
dar. PIRATEN;362,937408;1,612920523;86,14196936;5,51772582;102,9630472;3,827813424;60,99974695;1,995172562;84,57214858;1,281992792;15,98072928;0,487034255;12,27976671;0,231026901
dar. NPD;X;X;X;X;X;X;X;X;X;X;X;X;X;X
dar. AfD;809,5365101;3,597639765;61,44428342;3,935743653;111,9639465;4,162436032;126,2323833;4,128793973;283,3745108;4,295552216;116,4009015;3,547474299;110,1204845;2,071765273
Zusammen;22501,87798;100;1561,186115;100;2689,865878;100;3057,366973;100;6596,928557;100;3281,233117;100;5315,297343;100
;Früheres Bundesgebiet und Berlin-West;;;;;;;;;;;;;
;Insgesamt;;;;;;;;;;;;;
CDU;11940,705;33,1759532;686,9300262;24,56914854;1243,864264;28,52196456;1585,799561;31,62203443;3258,07554;30,01242258;1757,777814;34,2667311;3408,257795;43,50173353
SPD;9866,937;27,41421383;714,0247531;25,53823468;1011,482312;23,19341708;1170,246328;23,33559083;3083,30332;28,40247289;1569,525061;30,59686657;2318,355225;29,59062291
FDP;1878,518;5,219258432;143,931167;5,147927861;221,2901053;5,074210045;260,0053969;5,18470292;512,3555423;4,719666827;282,1150144;5,499648057;458,8207741;5,856217532
DIE LINKE;2002,914;5,56487922;173,3609597;6,200531362;297,7941338;6,828457073;294,0541711;5,863661054;722,3860868;6,654405718;298,0877732;5,811026563;217,2308754;2,772654014
GRÜNE;3296,767;9,159709389;344,318453;12,31509891;494,7274425;11,3441627;595,7843019;11,88038651;1254,119817;11,55257864;332,290905;6,477794291;275,5260809;3,516712312
CSU;3243,569;9,011904518;207,6895417;7,428347876;371,3388266;8,514846162;456,2845897;9,098657463;903,6533267;8,324185605;509,9153897;9,940467678;794,6873255;10,14309314
Sonstige;3762,638;10,45408141;525,6499923;18,80071077;720,5779079;16,52294237;652,6818713;13,01496678;1121,86295;10,33426773;379,9801882;7,407465739;361,8850906;4,618966559
dar. PIRATEN;770,469682;2,140666411;203,6461842;7,283730743;230,2689691;5,280096525;136,3651243;2,719223011;154,6003963;1,424132856;27,67426733;0,539491777;17,91474072;0,228657081
dar. NPD;X;X;X;X;X;X;X;X;X;X;X;X;X;X
dar. AfD;1608,999765;4,470431262;139,5832237;4,992416731;217,671062;4,991224925;255,6320389;5,097494876;548,1107935;5,049033564;228,2819826;4,450208241;219,7206649;2,80443276
Zusammen;35992,048;100;2795,904893;100;4361,074993;100;5014,85622;100;10855,75658;100;5129,692146;100;7834,763166;100
;Männer;;;;;;;;;;;;;
CDU;5359,982102;30,6701417;329,2581604;22,94512523;575,258898;26,53650229;736,7178157;29,77263868;1540,773607;28,3529648;777,4032099;31,17290953;1400,570411;40,35228149
SPD;4929,359343;28,20609223;374,8575045;26,1228222;506,3438288;23,35747299;587,1084078;23,7265424;1596,939627;29,38651909;793,4258164;31,81539628;1070,684159;30,84782332
FDP;1047,606608;5,994468361;86,69600694;6,041614074;125,6388985;5,795680744;148,382878;5,99652909;296,628586;5,458491642;157,2536714;6,305678199;233,0065676;6,71322665
DIE LINKE;1082,619695;6,194815357;89,79471251;6,257554621;153,8388874;7,096536884;154,6031352;6,247905485;391,6685803;7,207395959;170,3817281;6,832097076;122,3326511;3,524565088
GRÜNE;1372,389098;7,852893408;129,5390829;9,027234053;198,3564735;9,150118376;248,2028786;10,03050892;537,5790045;9,892406333;148,4109381;5,951095502;110,300721;3,177909305
CSU;1526,277382;8,733451473;103,2803536;7,197333073;182,7593004;8,430625951;222,2269262;8,980754691;447,1769573;8,228848463;232,8513349;9,337051231;337,9825097;9,737722048
Sonstige;2157,987937;12,34813747;321,5550615;22,40831675;425,6059795;19,63306277;377,2373746;15,24512074;623,4928703;11,47337371;214,11562;8,585772181;195,9810316;5,646472103
dar. PIRATEN;484,0884996;2,769983667;133,098262;9,275263777;151,9095518;7,007537274;87,58590916;3,539569115;87,56722397;1,6113921;15,54396417;0,623293785;8,383588499;0,241542246
dar. NPD;X;X;X;X;X;X;X;X;X;X;X;X;X;X
dar. AfD;985,670889;5,640068429;90,83365953;6,329956074;135,4617328;6,248804836;158,7548689;6,415687595;331,2240244;6,095109016;140,1815;5,621105189;129,2151032;3,722857614
Zusammen;17476,22217;100;1434,980882;100;2167,802266;100;2474,479416;100;5434,259232;100;2493,842319;100;3470,858051;100
;Frauen;;;;;;;;;;;;;
CDU;6580,722898;35,5410715;357,6718658;26,2815457;668,605366;30,48436968;849,0817449;33,42345685;1717,301933;31,67578664;980,374604;37,19387175;2007,687384;46,00666905
SPD;4937,577657;26,66679683;339,1672487;24,9218359;505,1384837;23,03126636;583,1379206;22,95478055;1486,363694;27,4161103;776,0992449;29,44398566;1247,671066;28,59070105
FDP;830,9113915;4,48757403;57,23516001;4,205610274;95,65120682;4,361117779;111,6225189;4,393935526;215,7269563;3,979102863;124,861343;4,737043125;225,8142065;5,174590201
DIE LINKE;920,2943053;4,970311957;83,56624722;6,14040509;143,9552464;6,56349047;139,4510359;5,489383925;330,7175065;6,100113771;127,706045;4,844966649;94,8982243;2,174617041
GRÜNE;1924,377902;10,39315188;214,7793701;15,78187823;296,370969;13,5127276;347,5814233;13,68227827;716,5408123;13,2166589;183,8799669;6,976116964;165,2253599;3,786181312
CSU;1717,291618;9,274723327;104,4091881;7,671933721;188,5795262;8,598088324;234,0576635;9,213501836;456,4763695;8,419747165;277,0640548;10,51137481;456,7048158;10,46550747
Sonstige;1604,650063;8,666370471;204,0949308;14,99679109;294,9719284;13,44893979;275,4444967;10,84266304;498,3700793;9,192480363;165,8645682;6,292641048;165,904059;3,801733875
dar. PIRATEN;286,3811824;1,54668328;70,54792225;5,183825231;78,3594173;3,572716533;48,77921517;1,920156691;67,03317228;1,236432815;12,13030316;0,460204638;9,531152223;0,218408787
dar. NPD;X;X;X;X;X;X;X;X;X;X;X;X;X;X
dar. AfD;623,3288765;3,366465434;48,74956414;3,582093031;82,20932918;3,74824928;96,87716993;3,813496084;216,886769;4,000495712;88,10048258;3,342393853;90,50556166;2,073958055
Zusammen;18515,82583;100;1360,924011;100;2193,272727;100;2540,376804;100;5421,497351;100;2635,849827;100;4363,905115;100
;Neue Länder und Berlin-Ost;;;;;;;;;;;;;
;Insgesamt;;;;;;;;;;;;;
CDU;2981,172;38,54228832;117,8449095;28,94614973;348,4635522;34,41929605;414,3511818;39,22773781;881,0747106;37,95619946;479,2502908;38,43446583;740,1873551;43,77760261
SPD;1385,278;17,9096624;70,83848137;17,39999884;165,5868072;16,35574597;150,18026;14,21796805;377,5677791;16,26540606;243,3765596;19,51808532;377,7281127;22,34033195
FDP;205,015;2,650550602;12,68148829;3,114943704;33,51841505;3,310763045;34,65798001;3,281163932;62,82968532;2,706667255;27,64281404;2,216872502;33,68461729;1,992241262
DIE LINKE;1752,785;22,66100206;64,03773322;15,72953658;164,9197126;16,28985407;194,0454681;18,37080496;565,9788652;24,38204892;343,4259909;27,54175588;420,3772299;24,86276913
GRÜNE;397,29;5,136391233;37,89643973;9,308471819;80,09584136;7,911422756;83,3262472;7,888719332;116,38803;5,013930405;37,83936041;3,034605575;41,74408133;2,468909785
CSU;0;0;0;0;0;0;0;0;0;0;0;0;0;0
Sonstige;1013,268;13,10010539;103,818684;25,50089932;219,8232225;21,71291811;179,7097694;17,01360591;317,454218;13,6757479;115,3934389;9,254214901;77,06866723;4,558145266
dar. PIRATEN;187,252;2,420900428;39,0614949;9,594643376;63,70557238;6,292482936;33,43095087;3,164997792;37,92763286;1,63390094;8,371564839;0,671374914;4,754784162;0,281216708
dar. NPD;216,927;2,804555717;23,22360039;5,704394168;54,1133253;5,345013996;42,83063611;4,054891206;64,26428705;2,768469085;19,79410316;1,58742894;12,70104799;0,751190125
dar. AfD;452,589;5,851328178;31,29960498;7,688096638;73,4066896;7,250705464;77,12470897;7,301603072;158,8575319;6,843492492;66,93664529;5,368122368;44,96381927;2,659337799
Zusammen;7734,808;100;407,1177361;100;1012,407551;100;1056,270907;100;2321,293288;100;1246,928455;100;1690,790064;100
;Männer;;;;;;;;;;;;;
CDU;1305,947878;34,83683467;54,58845439;26,38963894;165,2742199;32,04141257;196,3234453;36,40468342;408,3512157;35,63703016;202,8573152;33,72270731;278,5532275;37,6729839
SPD;706,346765;18,84216505;38,4669649;18,59604427;85,54871104;16,58517309;79,290621;14,70303229;193,4666258;16,88393645;125,7360884;20,90218588;183,8377538;24,86317176
FDP;110,440797;2,946065345;7,568809181;3,65898144;17,9355602;3,477134453;19,40997877;3,599234574;35,31333446;3,081813685;14,90027292;2,476999865;15,31284147;2,070988139
DIE LINKE;857,5131665;22,87460695;30,76164878;14,87107143;80,7624601;15,65727133;95,72981939;17,75138859;273,2978555;23,8508508;174,3636572;28,98596273;202,5977255;27,40036767
GRÜNE;170,1180985;4,537988208;13,95833617;6,747863733;33,28855347;6,453591348;37,02219028;6,865105255;52,63396037;4,593394022;16,58941546;2,757800484;16,62564273;2,248538193
CSU;0;0;0;0;0;0;0;0;0;0;0;0;0;0
Sonstige;598,3891465;15,96233978;61,51141852;29,73640018;133,004895;25,78541721;111,5046831;20,67655587;182,7990901;15,95297488;67,09841535;11,15434373;42,47064446;5,743950337
dar. PIRATEN;110,6957743;2,952866997;23,46744778;11,34484353;39,10194252;7,580622514;21,21041908;3,933094137;20,38865656;1,779329021;4,521138724;0,751587576;2,006169673;0,271324797
dar. NPD;149,3489117;3,983959415;14,73879618;7,125160694;36,17993772;7,014138755;29,77808106;5,521814331;45,32223368;3,955295702;14,54781453;2,418407691;8,78204851;1,187729811
dar. AfD;266,3813665;7,105860638;18,6048857;8,994140273;43,65207229;8,462747902;47,76949559;8,858001453;92,36979014;8,06116125;38,63622635;6,422830508;25,34889641;3,428316286
Zusammen;3748,755852;100;206,8556319;100;515,8143997;100;539,2807378;100;1145,862082;100;601,5451646;100;739,3978354;100
;Frauen;;;;;;;;;;;;;
CDU;1675,224122;42,02715016;63,25645508;31,58683234;183,1893322;36,88921843;218,0277365;42,17251114;472,7234949;40,21702779;276,3929756;42,82617475;461,6341276;48,52195698
SPD;678,931235;17,03267317;32,37151647;16,16457423;80,03809613;16,11743858;70,88963901;13,71198976;184,1011533;15,6624354;117,6404712;18,22800078;193,8903589;20,37964502
FDP;94,574203;2,372628342;5,112679108;2,552993803;15,58285485;3,137952026;15,24800124;2,949379343;27,51635086;2,340958001;12,74254112;1,974414478;18,37177582;1,931041192
DIE LINKE;895,2718335;22,46011342;33,27608443;16,61626626;84,15725249;16,9469217;98,31564875;19,01692811;292,6810097;24,89988424;169,0623337;26,19564781;217,7795045;22,8906121
GRÜNE;227,1719015;5,699170334;23,93810357;11,95338662;46,80728789;9,425681321;46,30405693;8,956467594;63,7540696;5,423887784;21,24994495;3,292608481;25,1184386;2,640176981
CSU;0;0;0;0;0;0;0;0;0;0;0;0;0;0
Sonstige;414,8788535;10,40826457;42,30726548;21,12594675;86,81832752;17,48278794;68,20508632;13,19272405;134,6551279;11,45580679;48,29502351;7,483153693;34,59802278;3,636567732
dar. PIRATEN;76,55622566;1,920602712;15,59404711;7,786818769;24,60362986;4,954484331;12,22053178;2,363784173;17,5389763;1,492131246;3,850426114;0,596610754;2,74861449;0,288904451
dar. NPD;67,57808833;1,695363879;8,484804214;4,236849628;17,93338758;3,611283712;13,05255504;2,524720165;18,94205338;1,611498255;5,24628863;0,812895021;3,918999484;0,411922588
dar. AfD;186,2076335;4,671480116;12,69471928;6,339052182;29,75461731;5,991749432;29,35521337;5,678098956;66,48774175;5,656455384;28,30041894;4,385056039;19,61492285;2,061707283
Zusammen;3986,052148;100;200,2621041;100;496,5931511;100;516,9901687;100;1175,431206;100;645,3832901;100;951,3922281;100
